sample,position,conservation,dssp
hADSL ,1,7,disordered
hADSL ,2,7,disordered
hADSL ,3,7,disordered
hADSL ,4,7,disordered
hADSL ,5,7,disordered
hADSL ,6,7,disordered
hADSL ,7,4,disordered
hADSL ,8,5,disordered
hADSL ,9,7,disordered
hADSL ,10,2,disordered
hADSL ,11,4,disordered
hADSL ,12,2,disordered
hADSL ,13,8,disordered
hADSL ,14,4,disordered
hADSL ,15,7,disordered
hADSL ,16,8,helix
hADSL ,17,8,helix
hADSL ,18,4,helix
hADSL ,19,5,helix
hADSL ,20,9,helix
hADSL ,21,9,helix
hADSL ,22,8,disordered
hADSL ,23,9,disordered
hADSL ,24,3,helix
hADSL ,25,8,helix
hADSL ,26,9,helix
hADSL ,27,4,helix
hADSL ,28,1,helix
hADSL ,29,4,helix
hADSL ,30,8,disordered
hADSL ,31,9,disordered
hADSL ,32,3,helix
hADSL ,33,4,helix
hADSL ,34,3,helix
hADSL ,35,8,helix
hADSL ,36,5,helix
hADSL ,37,3,helix
hADSL ,38,7,helix
hADSL ,39,8,helix
hADSL ,40,9,helix
hADSL ,41,4,helix
hADSL ,42,7,helix
hADSL ,43,9,helix
hADSL ,44,4,helix
hADSL ,45,6,helix
hADSL ,46,9,helix
hADSL ,47,9,helix
hADSL ,48,4,helix
hADSL ,49,5,helix
hADSL ,50,7,helix
hADSL ,51,4,helix
hADSL ,52,5,helix
hADSL ,53,7,disordered
hADSL ,54,8,disordered
hADSL ,55,7,disordered
hADSL ,56,2,disordered
hADSL ,57,8,disordered
hADSL ,58,5,disordered
hADSL ,59,3,helix
hADSL ,60,6,helix
hADSL ,61,8,helix
hADSL ,62,6,helix
hADSL ,63,2,helix
hADSL ,64,7,helix
hADSL ,65,7,helix
hADSL ,66,4,helix
hADSL ,67,4,helix
hADSL ,68,5,disordered
hADSL ,69,3,disordered
hADSL ,70,3,disordered
hADSL ,71,5,disordered
hADSL ,72,6,disordered
hADSL ,73,8,disordered
hADSL ,74,5,helix
hADSL ,75,3,helix
hADSL ,76,3,helix
hADSL ,77,7,helix
hADSL ,78,4,helix
hADSL ,79,3,helix
hADSL ,80,5,helix
hADSL ,81,9,helix
hADSL ,82,5,helix
hADSL ,83,4,helix
hADSL ,84,5,helix
hADSL ,85,8,disordered
hADSL ,86,9,disordered
hADSL ,87,9,helix
hADSL ,88,9,helix
hADSL ,89,9,helix
hADSL ,90,9,helix
hADSL ,91,9,helix
hADSL ,92,7,helix
hADSL ,93,5,helix
hADSL ,94,5,helix
hADSL ,95,5,helix
hADSL ,96,8,helix
hADSL ,97,2,helix
hADSL ,98,5,helix
hADSL ,99,6,disordered
hADSL ,100,8,disordered
hADSL ,101,4,disordered
hADSL ,102,9,disordered
hADSL ,103,5,disordered
hADSL ,104,3,disordered
hADSL ,105,8,disordered
hADSL ,106,8,disordered
hADSL ,107,9,disordered
hADSL ,108,8,disordered
hADSL ,109,9,disordered
hADSL ,110,9,disordered
hADSL ,111,9,disordered
hADSL ,112,9,helix
hADSL ,113,7,helix
hADSL ,114,5,helix
hADSL ,115,8,helix
hADSL ,116,6,helix
hADSL ,117,9,helix
hADSL ,118,9,helix
hADSL ,119,7,helix
hADSL ,120,8,helix
hADSL ,121,5,helix
hADSL ,122,7,helix
hADSL ,123,4,helix
hADSL ,124,5,helix
hADSL ,125,5,helix
hADSL ,126,4,helix
hADSL ,127,4,helix
hADSL ,128,5,helix
hADSL ,129,3,helix
hADSL ,130,4,helix
hADSL ,131,4,helix
hADSL ,132,3,helix
hADSL ,133,1,helix
hADSL ,134,6,helix
hADSL ,135,6,helix
hADSL ,136,4,helix
hADSL ,137,3,helix
hADSL ,138,5,helix
hADSL ,139,6,helix
hADSL ,140,1,helix
hADSL ,141,3,helix
hADSL ,142,7,helix
hADSL ,143,4,helix
hADSL ,144,1,helix
hADSL ,145,8,helix
hADSL ,146,8,helix
hADSL ,147,1,helix
hADSL ,148,3,helix
hADSL ,149,4,disordered
hADSL ,150,5,disordered
hADSL ,151,3,disordered
hADSL ,152,3,disordered
hADSL ,153,7,beta-strand
hADSL ,154,7,beta-strand
hADSL ,155,9,beta-strand
hADSL ,156,6,beta-strand
hADSL ,157,5,beta-strand
hADSL ,158,9,beta-strand
hADSL ,159,9,disordered
hADSL ,160,4,disordered
hADSL ,161,9,beta-strand
hADSL ,162,7,beta-strand
hADSL ,163,9,beta-strand
hADSL ,164,9,beta-strand
hADSL ,165,6,beta-strand
hADSL ,166,8,beta-strand
hADSL ,167,9,beta-strand
hADSL ,168,8,helix
hADSL ,169,9,helix
hADSL ,170,9,helix
hADSL ,171,9,helix
hADSL ,172,7,helix
hADSL ,173,5,helix
hADSL ,174,7,helix
hADSL ,175,8,helix
hADSL ,176,3,helix
hADSL ,177,7,helix
hADSL ,178,8,helix
hADSL ,179,6,helix
hADSL ,180,3,helix
hADSL ,181,4,helix
hADSL ,182,9,helix
hADSL ,183,4,helix
hADSL ,184,4,helix
hADSL ,185,5,helix
hADSL ,186,4,helix
hADSL ,187,3,helix
hADSL ,188,3,helix
hADSL ,189,4,helix
hADSL ,190,4,helix
hADSL ,191,1,helix
hADSL ,192,3,helix
hADSL ,193,4,disordered
hADSL ,194,4,disordered
hADSL ,195,6,beta-strand
hADSL ,196,8,disordered
hADSL ,197,9,disordered
hADSL ,198,5,disordered
hADSL ,199,9,disordered
hADSL ,200,9,disordered
hADSL ,201,9,disordered
hADSL ,202,9,disordered
hADSL ,203,9,disordered
hADSL ,204,9,disordered
hADSL ,205,9,disordered
hADSL ,206,8,helix
hADSL ,207,9,helix
hADSL ,208,8,helix
hADSL ,209,5,helix
hADSL ,210,4,helix
hADSL ,211,9,helix
hADSL ,212,8,disordered
hADSL ,213,3,disordered
hADSL ,214,7,disordered
hADSL ,215,6,disordered
hADSL ,216,3,helix
hADSL ,217,2,helix
hADSL ,218,7,helix
hADSL ,219,8,helix
hADSL ,220,4,helix
hADSL ,221,3,helix
hADSL ,222,7,helix
hADSL ,223,7,helix
hADSL ,224,1,helix
hADSL ,225,3,helix
hADSL ,226,7,helix
hADSL ,227,5,helix
hADSL ,228,3,helix
hADSL ,229,4,helix
hADSL ,230,6,disordered
hADSL ,231,7,disordered
hADSL ,232,8,disordered
hADSL ,233,1,disordered
hADSL ,234,2,disordered
hADSL ,235,3,beta-strand
hADSL ,236,4,disordered
hADSL ,237,2,disordered
hADSL ,238,7,disordered
hADSL ,239,6,disordered
hADSL ,240,7,disordered
hADSL ,241,9,disordered
hADSL ,242,9,disordered
hADSL ,243,9,disordered
hADSL ,244,5,disordered
hADSL ,245,9,disordered
hADSL ,246,9,helix
hADSL ,247,4,helix
hADSL ,248,9,helix
hADSL ,249,3,helix
hADSL ,250,4,helix
hADSL ,251,5,helix
hADSL ,252,4,helix
hADSL ,253,4,helix
hADSL ,254,4,helix
hADSL ,255,8,helix
hADSL ,256,6,helix
hADSL ,257,4,helix
hADSL ,258,6,helix
hADSL ,259,8,helix
hADSL ,260,6,helix
hADSL ,261,8,helix
hADSL ,262,5,helix
hADSL ,263,5,helix
hADSL ,264,9,helix
hADSL ,265,5,helix
hADSL ,266,5,helix
hADSL ,267,5,helix
hADSL ,268,9,helix
hADSL ,269,5,helix
hADSL ,270,9,helix
hADSL ,271,6,helix
hADSL ,272,9,helix
hADSL ,273,8,helix
hADSL ,274,5,helix
hADSL ,275,4,disordered
hADSL ,276,6,disordered
hADSL ,277,9,disordered
hADSL ,278,4,beta-strand
hADSL ,279,8,beta-strand
hADSL ,280,9,disordered
hADSL ,281,9,disordered
hADSL ,282,8,disordered
hADSL ,283,7,disordered
hADSL ,284,4,disordered
hADSL ,285,3,disordered
hADSL ,286,9,disordered
hADSL ,287,7,disordered
hADSL ,288,9,disordered
hADSL ,289,9,disordered
hADSL ,290,9,disordered
hADSL ,291,9,disordered
hADSL ,292,9,disordered
hADSL ,293,8,disordered
hADSL ,294,9,disordered
hADSL ,295,9,disordered
hADSL ,296,9,disordered
hADSL ,297,9,disordered
hADSL ,298,9,disordered
hADSL ,299,9,helix
hADSL ,300,7,helix
hADSL ,301,6,helix
hADSL ,302,9,helix
hADSL ,303,9,helix
hADSL ,304,5,helix
hADSL ,305,4,helix
hADSL ,306,7,helix
hADSL ,307,8,helix
hADSL ,308,6,helix
hADSL ,309,9,helix
hADSL ,310,4,helix
hADSL ,311,6,helix
hADSL ,312,5,helix
hADSL ,313,4,helix
hADSL ,314,5,disordered
hADSL ,315,3,disordered
hADSL ,316,3,helix
hADSL ,317,6,helix
hADSL ,318,5,helix
hADSL ,319,4,helix
hADSL ,320,3,helix
hADSL ,321,9,helix
hADSL ,322,6,helix
hADSL ,323,6,helix
hADSL ,324,5,disordered
hADSL ,325,9,disordered
hADSL ,326,7,disordered
hADSL ,327,5,disordered
hADSL ,328,9,disordered
hADSL ,329,9,disordered
hADSL ,330,9,disordered
hADSL ,331,9,disordered
hADSL ,332,9,helix
hADSL ,333,9,helix
hADSL ,334,9,helix
hADSL ,335,9,helix
hADSL ,336,8,helix
hADSL ,337,8,helix
hADSL ,338,9,helix
hADSL ,339,5,helix
hADSL ,340,4,helix
hADSL ,341,5,helix
hADSL ,342,5,helix
hADSL ,343,8,helix
hADSL ,344,5,helix
hADSL ,345,9,helix
hADSL ,346,9,helix
hADSL ,347,6,helix
hADSL ,348,3,helix
hADSL ,349,9,helix
hADSL ,350,6,helix
hADSL ,351,5,helix
hADSL ,352,8,helix
hADSL ,353,3,helix
hADSL ,354,5,helix
hADSL ,355,4,helix
hADSL ,356,3,helix
hADSL ,357,9,helix
hADSL ,358,5,helix
hADSL ,359,3,helix
hADSL ,360,4,helix
hADSL ,361,6,disordered
hADSL ,362,6,disordered
hADSL ,363,6,beta-strand
hADSL ,364,8,beta-strand
hADSL ,365,5,disordered
hADSL ,366,5,helix
hADSL ,367,4,helix
hADSL ,368,6,helix
hADSL ,369,8,helix
hADSL ,370,4,helix
hADSL ,371,4,helix
hADSL ,372,5,helix
hADSL ,373,6,helix
hADSL ,374,3,helix
hADSL ,375,4,helix
hADSL ,376,8,helix
hADSL ,377,8,helix
hADSL ,378,8,helix
hADSL ,379,9,helix
hADSL ,380,8,helix
hADSL ,381,9,disordered
hADSL ,382,7,helix
hADSL ,383,9,helix
hADSL ,384,6,helix
hADSL ,385,7,helix
hADSL ,386,8,helix
hADSL ,387,9,helix
hADSL ,388,5,helix
hADSL ,389,6,helix
hADSL ,390,8,helix
hADSL ,391,5,helix
hADSL ,392,4,disordered
hADSL ,393,9,disordered
hADSL ,394,4,disordered
hADSL ,395,8,disordered
hADSL ,396,9,helix
hADSL ,397,9,helix
hADSL ,398,5,helix
hADSL ,399,6,helix
hADSL ,400,9,helix
hADSL ,401,9,helix
hADSL ,402,3,helix
hADSL ,403,7,helix
hADSL ,404,9,helix
hADSL ,405,3,helix
hADSL ,406,6,helix
hADSL ,407,8,helix
hADSL ,408,5,helix
hADSL ,409,4,helix
hADSL ,410,8,helix
hADSL ,411,4,helix
hADSL ,412,1,helix
hADSL ,413,3,helix
hADSL ,414,6,helix
hADSL ,415,7,helix
hADSL ,416,3,helix
hADSL ,417,3,helix
hADSL ,418,9,disordered
hADSL ,419,1,disordered
hADSL ,420,2,disordered
hADSL ,421,8,disordered
hADSL ,422,8,disordered
hADSL ,423,8,helix
hADSL ,424,5,helix
hADSL ,425,4,helix
hADSL ,426,7,helix
hADSL ,427,7,helix
hADSL ,428,3,helix
hADSL ,429,3,helix
hADSL ,430,7,disordered
hADSL ,431,1,helix
hADSL ,432,3,helix
hADSL ,433,7,helix
hADSL ,434,1,helix
hADSL ,435,3,helix
hADSL ,436,4,helix
hADSL ,437,1,helix
hADSL ,438,2,helix
hADSL ,439,4,helix
hADSL ,440,5,helix
hADSL ,441,3,helix
hADSL ,442,1,helix
hADSL ,443,4,helix
hADSL ,444,5,disordered
hADSL ,445,4,disordered
hADSL ,446,5,helix
hADSL ,447,1,helix
hADSL ,448,3,helix
hADSL ,449,6,helix
hADSL ,450,4,helix
hADSL ,451,9,disordered
hADSL ,452,7,disordered
hADSL ,453,7,helix
hADSL ,454,4,helix
hADSL ,455,4,helix
hADSL ,456,9,helix
hADSL ,457,8,helix
hADSL ,458,3,helix
hADSL ,459,4,helix
hADSL ,460,7,helix
hADSL ,461,4,helix
hADSL ,462,1,helix
hADSL ,463,3,helix
hADSL ,464,3,helix
hADSL ,465,6,helix
hADSL ,466,1,helix
hADSL ,467,7,helix
hADSL ,468,4,helix
hADSL ,469,7,helix
hADSL ,470,2,helix
hADSL ,471,2,helix
hADSL ,472,4,helix
hADSL ,473,1,helix
hADSL ,474,1,helix
hADSL ,475,1,helix
hADSL ,476,4,disordered
hADSL ,477,1,disordered
hADSL ,478,1,disordered
hADSL ,479,3,disordered
hADSL ,480,4,disordered
hADSL ,481,5,disordered
hADSL ,482,6,disordered
hADSL ,483,4,disordered
hADSL ,484,8,disordered
