residue,position,change,variant
M,1,M,M1M
A,2,A,A2A
A,3,A,A3A
G,4,G,G4G
G,5,G,G5G
D,6,D,D6D
H,7,H,H7H
G,8,G,G8G
S,9,S,S9S
P,10,P,P10P
D,11,D,D11D
S,12,S,S12S
Y,13,Y,Y13Y
R,14,R,R14R
S,15,S,S15S
P,16,P,P16P
L,17,L,L17L
A,18,A,A18A
S,19,S,S19S
R,20,R,R20R
Y,21,Y,Y21Y
A,22,A,A22A
S,23,S,S23S
P,24,P,P24P
E,25,E,E25E
M,26,M,M26M
C,27,C,C27C
F,28,F,F28F
V,29,V,V29V
F,30,F,F30F
S,31,S,S31S
D,32,D,D32D
R,33,R,R33R
Y,34,Y,Y34Y
K,35,K,K35K
F,36,F,F36F
R,37,R,R37R
T,38,T,T38T
W,39,W,W39W
R,40,R,R40R
Q,41,Q,Q41Q
L,42,L,L42L
W,43,W,W43W
L,44,L,L44L
W,45,W,W45W
L,46,L,L46L
A,47,A,A47A
E,48,E,E48E
A,49,A,A49A
E,50,E,E50E
Q,51,Q,Q51Q
T,52,T,T52T
L,53,L,L53L
G,54,G,G54G
L,55,L,L55L
P,56,P,P56P
I,57,I,I57I
T,58,T,T58T
D,59,D,D59D
E,60,E,E60E
Q,61,Q,Q61Q
I,62,I,I62I
Q,63,Q,Q63Q
E,64,E,E64E
M,65,M,M65M
K,66,K,K66K
S,67,S,S67S
N,68,N,N68N
L,69,L,L69L
E,70,E,E70E
N,71,N,N71N
I,72,I,I72I
D,73,D,D73D
F,74,F,F74F
K,75,K,K75K
M,76,M,M76M
A,77,A,A77A
A,78,A,A78A
E,79,E,E79E
E,80,E,E80E
E,81,E,E81E
K,82,K,K82K
R,83,R,R83R
L,84,L,L84L
R,85,R,R85R
H,86,H,H86H
D,87,D,D87D
V,88,V,V88V
M,89,M,M89M
A,90,A,A90A
H,91,H,H91H
V,92,V,V92V
H,93,H,H93H
T,94,T,T94T
F,95,F,F95F
G,96,G,G96G
H,97,H,H97H
C,98,C,C98C
C,99,C,C99C
P,100,P,P100P
K,101,K,K101K
A,102,A,A102A
A,103,A,A103A
G,104,G,G104G
I,105,I,I105I
I,106,I,I106I
H,107,H,H107H
L,108,L,L108L
G,109,G,G109G
A,110,A,A110A
T,111,T,T111T
S,112,S,S112S
C,113,C,C113C
Y,114,Y,Y114Y
V,115,V,V115V
G,116,G,G116G
D,117,D,D117D
N,118,N,N118N
T,119,T,T119T
D,120,D,D120D
L,121,L,L121L
I,122,I,I122I
I,123,I,I123I
L,124,L,L124L
R,125,R,R125R
N,126,N,N126N
A,127,A,A127A
L,128,L,L128L
D,129,D,D129D
L,130,L,L130L
L,131,L,L131L
L,132,L,L132L
P,133,P,P133P
K,134,K,K134K
L,135,L,L135L
A,136,A,A136A
R,137,R,R137R
V,138,V,V138V
I,139,I,I139I
S,140,S,S140S
R,141,R,R141R
L,142,L,L142L
A,143,A,A143A
D,144,D,D144D
F,145,F,F145F
A,146,A,A146A
K,147,K,K147K
E,148,E,E148E
R,149,R,R149R
A,150,A,A150A
S,151,S,S151S
L,152,L,L152L
P,153,P,P153P
T,154,T,T154T
L,155,L,L155L
G,156,G,G156G
F,157,F,F157F
T,158,T,T158T
H,159,H,H159H
F,160,F,F160F
Q,161,Q,Q161Q
P,162,P,P162P
A,163,A,A163A
Q,164,Q,Q164Q
L,165,L,L165L
T,166,T,T166T
T,167,T,T167T
V,168,V,V168V
G,169,G,G169G
K,170,K,K170K
R,171,R,R171R
C,172,C,C172C
C,173,C,C173C
L,174,L,L174L
W,175,W,W175W
I,176,I,I176I
Q,177,Q,Q177Q
D,178,D,D178D
L,179,L,L179L
C,180,C,C180C
M,181,M,M181M
D,182,D,D182D
L,183,L,L183L
Q,184,Q,Q184Q
N,185,N,N185N
L,186,L,L186L
K,187,K,K187K
R,188,R,R188R
V,189,V,V189V
R,190,R,R190R
D,191,D,D191D
D,192,D,D192D
L,193,L,L193L
R,194,R,R194R
F,195,F,F195F
R,196,R,R196R
G,197,G,G197G
V,198,V,V198V
K,199,K,K199K
G,200,G,G200G
T,201,T,T201T
T,202,T,T202T
G,203,G,G203G
T,204,T,T204T
Q,205,Q,Q205Q
A,206,A,A206A
S,207,S,S207S
F,208,F,F208F
L,209,L,L209L
Q,210,Q,Q210Q
L,211,L,L211L
F,212,F,F212F
E,213,E,E213E
G,214,G,G214G
D,215,D,D215D
D,216,D,D216D
H,217,H,H217H
K,218,K,K218K
V,219,V,V219V
E,220,E,E220E
Q,221,Q,Q221Q
L,222,L,L222L
D,223,D,D223D
K,224,K,K224K
M,225,M,M225M
V,226,V,V226V
T,227,T,T227T
E,228,E,E228E
K,229,K,K229K
A,230,A,A230A
G,231,G,G231G
F,232,F,F232F
K,233,K,K233K
R,234,R,R234R
A,235,A,A235A
F,236,F,F236F
I,237,I,I237I
I,238,I,I238I
T,239,T,T239T
G,240,G,G240G
Q,241,Q,Q241Q
T,242,T,T242T
Y,243,Y,Y243Y
T,244,T,T244T
R,245,R,R245R
K,246,K,K246K
V,247,V,V247V
D,248,D,D248D
I,249,I,I249I
E,250,E,E250E
V,251,V,V251V
L,252,L,L252L
S,253,S,S253S
V,254,V,V254V
L,255,L,L255L
A,256,A,A256A
S,257,S,S257S
L,258,L,L258L
G,259,G,G259G
A,260,A,A260A
S,261,S,S261S
V,262,V,V262V
H,263,H,H263H
K,264,K,K264K
I,265,I,I265I
C,266,C,C266C
T,267,T,T267T
D,268,D,D268D
I,269,I,I269I
R,270,R,R270R
L,271,L,L271L
L,272,L,L272L
A,273,A,A273A
N,274,N,N274N
L,275,L,L275L
K,276,K,K276K
E,277,E,E277E
M,278,M,M278M
E,279,E,E279E
E,280,E,E280E
P,281,P,P281P
F,282,F,F282F
E,283,E,E283E
K,284,K,K284K
Q,285,Q,Q285Q
Q,286,Q,Q286Q
I,287,I,I287I
G,288,G,G288G
S,289,S,S289S
S,290,S,S290S
A,291,A,A291A
M,292,M,M292M
P,293,P,P293P
Y,294,Y,Y294Y
K,295,K,K295K
R,296,R,R296R
N,297,N,N297N
P,298,P,P298P
M,299,M,M299M
R,300,R,R300R
S,301,S,S301S
E,302,E,E302E
R,303,R,R303R
C,304,C,C304C
C,305,C,C305C
S,306,S,S306S
L,307,L,L307L
A,308,A,A308A
R,309,R,R309R
H,310,H,H310H
L,311,L,L311L
M,312,M,M312M
T,313,T,T313T
L,314,L,L314L
V,315,V,V315V
M,316,M,M316M
D,317,D,D317D
P,318,P,P318P
L,319,L,L319L
Q,320,Q,Q320Q
T,321,T,T321T
A,322,A,A322A
S,323,S,S323S
V,324,V,V324V
Q,325,Q,Q325Q
W,326,W,W326W
F,327,F,F327F
E,328,E,E328E
R,329,R,R329R
T,330,T,T330T
L,331,L,L331L
D,332,D,D332D
D,333,D,D333D
S,334,S,S334S
A,335,A,A335A
N,336,N,N336N
R,337,R,R337R
R,338,R,R338R
I,339,I,I339I
C,340,C,C340C
L,341,L,L341L
A,342,A,A342A
E,343,E,E343E
A,344,A,A344A
F,345,F,F345F
L,346,L,L346L
T,347,T,T347T
A,348,A,A348A
D,349,D,D349D
T,350,T,T350T
I,351,I,I351I
L,352,L,L352L
N,353,N,N353N
T,354,T,T354T
L,355,L,L355L
Q,356,Q,Q356Q
N,357,N,N357N
I,358,I,I358I
S,359,S,S359S
E,360,E,E360E
G,361,G,G361G
L,362,L,L362L
V,363,V,V363V
V,364,V,V364V
Y,365,Y,Y365Y
P,366,P,P366P
K,367,K,K367K
V,368,V,V368V
I,369,I,I369I
E,370,E,E370E
R,371,R,R371R
R,372,R,R372R
I,373,I,I373I
R,374,R,R374R
Q,375,Q,Q375Q
E,376,E,E376E
L,377,L,L377L
P,378,P,P378P
F,379,F,F379F
M,380,M,M380M
A,381,A,A381A
T,382,T,T382T
E,383,E,E383E
N,384,N,N384N
I,385,I,I385I
I,386,I,I386I
M,387,M,M387M
A,388,A,A388A
M,389,M,M389M
V,390,V,V390V
K,391,K,K391K
A,392,A,A392A
G,393,G,G393G
G,394,G,G394G
S,395,S,S395S
R,396,R,R396R
Q,397,Q,Q397Q
D,398,D,D398D
C,399,C,C399C
H,400,H,H400H
E,401,E,E401E
K,402,K,K402K
I,403,I,I403I
R,404,R,R404R
V,405,V,V405V
L,406,L,L406L
S,407,S,S407S
Q,408,Q,Q408Q
Q,409,Q,Q409Q
A,410,A,A410A
A,411,A,A411A
S,412,S,S412S
V,413,V,V413V
V,414,V,V414V
K,415,K,K415K
Q,416,Q,Q416Q
E,417,E,E417E
G,418,G,G418G
G,419,G,G419G
D,420,D,D420D
N,421,N,N421N
D,422,D,D422D
L,423,L,L423L
I,424,I,I424I
E,425,E,E425E
R,426,R,R426R
I,427,I,I427I
Q,428,Q,Q428Q
V,429,V,V429V
D,430,D,D430D
A,431,A,A431A
Y,432,Y,Y432Y
F,433,F,F433F
S,434,S,S434S
P,435,P,P435P
I,436,I,I436I
H,437,H,H437H
S,438,S,S438S
Q,439,Q,Q439Q
L,440,L,L440L
D,441,D,D441D
H,442,H,H442H
L,443,L,L443L
L,444,L,L444L
D,445,D,D445D
P,446,P,P446P
S,447,S,S447S
S,448,S,S448S
F,449,F,F449F
T,450,T,T450T
G,451,G,G451G
R,452,R,R452R
A,453,A,A453A
S,454,S,S454S
Q,455,Q,Q455Q
Q,456,Q,Q456Q
V,457,V,V457V
Q,458,Q,Q458Q
R,459,R,R459R
F,460,F,F460F
L,461,L,L461L
E,462,E,E462E
E,463,E,E463E
E,464,E,E464E
V,465,V,V465V
Y,466,Y,Y466Y
P,467,P,P467P
L,468,L,L468L
L,469,L,L469L
K,470,K,K470K
P,471,P,P471P
Y,472,Y,Y472Y
E,473,E,E473E
S,474,S,S474S
V,475,V,V475V
M,476,M,M476M
K,477,K,K477K
V,478,V,V478V
K,479,K,K479K
A,480,A,A480A
E,481,E,E481E
L,482,L,L482L
C,483,C,C483C
L,484,L,L484L
