case_id,patients,allele_one,allele_two,phenotype_,genotype,occurance,phenotype,biallelic
uADSL_1,AD5,M1L,R374W,severe,hetero,1,ADSL_deficiency,0
uADSL_2,AD6,M1V,S448P,mild,hetero,1,ADSL_deficiency,0
uADSL_3,AD7,A2V,S395R,neonatal,hetero,1,ADSL_deficiency,0
uADSL_4,AD8,A3P,R190*,neonatal,hetero,1,ADSL_deficiency,0
uADSL_5,AD9,A3V,R337*,severe,hetero,1,ADSL_deficiency,0
uADSL_6,AD11-103,S23R,R426H,severe,hetero,2,ADSL_deficiency,0
uADSL_7,AD12,M26L,R426H,severe,hetero,1,ADSL_deficiency,0
uADSL_8,AD93-AD94-AD111-AD112,M26L,R396H,mild/severe,hetero,4,ADSL_deficiency,0
uADSL_9,AD13,I72V,K246E,severe,hetero,1,ADSL_deficiency,0
uADSL_10,AD14,E80D,D87E,mild,hetero,1,ADSL_deficiency,0
uADSL_11,AD15,P100A,D422Y,severe,hetero,1,ADSL_deficiency,0
uADSL_12,AD16-AD17,Y114H,R190Q,mild,hetero,2,ADSL_deficiency,0
uADSL_13,AD18-AD19,Y114H,T242I,neonatal/severe,hetero,2,ADSL_deficiency,0
uADSL_14,AD20,Y114H,E376D,neonatal,hetero,1,ADSL_deficiency,0
uADSL_15,AD21,Y114H,R396H,severe,hetero,1,ADSL_deficiency,0
uADSL_16,AD22-AD23-AD24-AD25-AD26,Y114H,R426H,neonatal,hetero,5,ADSL_deficiency,0
uADSL_17,AD28,R190Q,K246E,mild,hetero,1,ADSL_deficiency,0
uADSL_18,AD29,R194C,D268N,severe,hetero,1,ADSL_deficiency,0
uADSL_19,AD30,R194C,R396C,neonatal,hetero,1,ADSL_deficiency,0
uADSL_20,AD31,D215H,I351T,severe,hetero,1,ADSL_deficiency,0
uADSL_21,AD32-AD33,M225T,M225T,severe,homo,2,ADSL_deficiency,0
uADSL_22,AD34-AD80,D268H,R426H,mild,hetero,2,ADSL_deficiency,0
uADSL_23,AD35,D268N,P467R,severe,hetero,1,ADSL_deficiency,0
uADSL_24,AD36-AD37,N297S,R303C,mild/severe,hetero,2,ADSL_deficiency,0
uADSL_25,AD38-AD39,R303C,R303C,mild,homo,2,ADSL_deficiency,0
uADSL_26,AD40,L311V,R396H,severe,hetero,1,ADSL_deficiency,0
uADSL_27,AD41-AD42,V364M,R452P,severe,hetero,2,ADSL_deficiency,0
uADSL_28,AD43-AD72,I369L,I369L,severe,homo,2,ADSL_deficiency,0
uADSL_29,AD44,L423V,R426H,mild,hetero,1,ADSL_deficiency,0
uADSL_30,AD45--AD59-AD67-AD85-AD85-AD86-AD98-AD99-AD100-AD104-AD105-AD118-AD119,R426H,R426H,mild/severe,homo,26,ADSL_deficiency,0
uADSL_31,AD60,R426H,D430N,mild,hetero,1,ADSL_deficiency,0
uADSL_32,AD61-AD62,R426H,T450S,mild,hetero,2,ADSL_deficiency,0
uADSL_33,AD63-AD64,S438P,S438P,severe,homo,2,ADSL_deficiency,0
uADSL_34,AD70,R141W,P435L,severe,hetero,1,ADSL_deficiency,0
uADSL_35,AD73-AD74,M389V,M389V,mild/severe,homo,2,ADSL_deficiency,0
uADSL_36,AD76-AD77-AD78,Y114H,G418A,mild,hetero,3,ADSL_deficiency,0
uADSL_37,AD83,K246Q,M316Y,severe,hetero,1,ADSL_deficiency,0
uADSL_38,AD89-AD90,P24L,W45*,severe,hetero,2,ADSL_deficiency,0
uADSL_39,AD92-AD110,Y114H,A22V,severe,hetero,2,ADSL_deficiency,0
uADSL_40,AD95,Q343K,Q343K,mild,homo,1,ADSL_deficiency,0
uADSL_41,AD96-AD114,R426H,C304G,mild/severe,hetero,2,ADSL_deficiency,0
uADSL_42,AD101,R149G,W175C,severe,hetero,1,ADSL_deficiency,0
uADSL_43,AD102,R141W,P318L,severe,hetero,1,ADSL_deficiency,0
uADSL_44,AD106-AD113,E343K,E343K,mild/severe,homo,2,ADSL_deficiency,0
uADSL_45,AD108,T450S,D332H,mild,hetero,1,ADSL_deficiency,0
uADSL_46,AD116,L211H,R426H,severe,hetero,1,ADSL_deficiency,0
uADSL_47,AD117,R452C,R337Q,mild,hetero,1,ADSL_deficiency,0
uADSL_48,AD120-AD121-AD122-AD123,D430N,D430N,mild,homo,4,ADSL_deficiency,0
uADSL_49,AD124,Y114H,R296W,mild,hetero,1,ADSL_deficiency,0
hADSL1,h,K147M,K147M,healthy,homo,1,Control,1
hADSL2,h,D192E,D192E,healthy,homo,1,Control,1
hADSL3,h,R196L,R196L,healthy,homo,1,Control,1
hADSL4,h,H217D,H217D,healthy,homo,1,Control,1
hADSL5,h,Y294H,Y294H,healthy,homo,1,Control,1
hADSL6,h,L341S,L341S,healthy,homo,1,Control,1
hADSL7,h,R300C,R300C,healthy,homo,1,Control,1
hADSL8,h,N421S,N421S,healthy,homo,1,Control,1
