variant,variant_type,classification,source,putatively_benign,benign
R141W,missense_variant,pathogenic,case_reports/clinvar,0,0.0
M1L,missense_variant,pathogenic,case_reports,0,0.0
M1V,missense_variant,pathogenic,case_reports,0,0.0
A2V,missense_variant,pathogenic,case_reports,0,0.0
A3P,missense_variant,pathogenic,case_reports,0,0.0
A3V,missense_variant,pathogenic,case_reports,0,0.0
S23R,missense_variant,pathogenic,case_reports,0,0.0
M26L,missense_variant,pathogenic,case_reports,0,0.0
I72V,missense_variant,pathogenic,case_reports,0,0.0
E80D,missense_variant,pathogenic,case_reports,0,0.0
P100A,missense_variant,pathogenic,case_reports/clinvar,0,0.0
Y114H,missense_variant,pathogenic,case_reports/clinvar,0,0.0
R194G,missense_variant,pathogenic,case_reports,0,0.0
R190Q,missense_variant,pathogenic,case_reports/clinvar,0,0.0
R194C,missense_variant,pathogenic,case_reports,0,0.0
D215H,missense_variant,pathogenic,case_reports,0,0.0
M225T,missense_variant,pathogenic,case_reports/clinvar,0,0.0
D268H,missense_variant,pathogenic,case_reports/clinvar,0,0.0
D268N,missense_variant,pathogenic,case_reports/clinvar,0,0.0
N297S,missense_variant,pathogenic,case_reports,0,0.0
R303C,missense_variant,pathogenic,case_reports/clinvar,0,0.0
L311V,missense_variant,pathogenic,case_reports,0,0.0
V364M,missense_variant,pathogenic,case_reports/clinvar,0,0.0
I369L,missense_variant,pathogenic,case_reports,0,0.0
L423V,missense_variant,pathogenic,case_reports,0,0.0
R426H,missense_variant,pathogenic,case_reports/clinvar,0,0.0
S438P,missense_variant,pathogenic,case_reports/clinvar,0,0.0
T244I,missense_variant,pathogenic,case_reports,0,0.0
M389V,missense_variant,pathogenic,case_reports,0,0.0
K246E,missense_variant,pathogenic,case_reports/clinvar,0,0.0
K246Q,missense_variant,pathogenic,case_reports,0,0.0
P24L,missense_variant,pathogenic,case_reports,0,0.0
R309H,missense_variant,pathogenic,case_reports,0,0.0
Q343K,missense_variant,pathogenic,case_reports,0,0.0
R149G,missense_variant,pathogenic,case_reports,0,0.0
E343K,missense_variant,pathogenic,case_reports,0,0.0
T450S,missense_variant,pathogenic,case_reports/clinvar,0,0.0
D430N,missense_variant,pathogenic,case_reports,0,0.0
P318L,missense_variant,pathogenic,case_reports/clinvar,0,0.0
S447P,missense_variant,pathogenic,case_reports,0,0.0
R374W,missense_variant,pathogenic,case_reports,0,0.0
S448P,missense_variant,pathogenic,case_reports,0,0.0
S395R,missense_variant,pathogenic,case_reports,0,0.0
D87E,missense_variant,pathogenic,case_reports,0,0.0
D422Y,missense_variant,pathogenic,case_reports,0,0.0
T242I,missense_variant,pathogenic,case_reports/clinvar,0,0.0
E376D,missense_variant,pathogenic,case_reports,0,0.0
R396H,missense_variant,pathogenic,case_reports/clinvar,0,0.0
R396C,missense_variant,pathogenic,case_reports/clinvar,0,0.0
I351T,missense_variant,pathogenic,case_reports,0,0.0
P467R,missense_variant,pathogenic,case_reports,0,0.0
R452P,missense_variant,pathogenic,case_reports/clinvar,0,0.0
P435L,missense_variant,pathogenic,case_reports,0,0.0
G418A,missense_variant,pathogenic,case_reports,0,0.0
M316Y,missense_variant,pathogenic,case_reports,0,0.0
A22V,missense_variant,pathogenic,case_reports,0,0.0
C304G,missense_variant,pathogenic,case_reports,0,0.0
V168I,missense_variant,pathogenic,case_reports,0,0.0
W175C,missense_variant,pathogenic,case_reports,0,0.0
D430D,missense_variant,pathogenic,case_reports,0,0.0
D332H,missense_variant,pathogenic,case_reports/clinvar,0,0.0
R296W,missense_variant,pathogenic,case_reports,0,0.0
M26I,missense_variant,pathogenic,clinvar,0,0.0
A90T,missense_variant,pathogenic,clinvar,0,0.0
Y114S,missense_variant,pathogenic,clinvar,0,0.0
R141P,missense_variant,pathogenic,clinvar,0,0.0
G259W,missense_variant,pathogenic,clinvar,0,0.0
R426C,missense_variant,pathogenic,clinvar,0,0.0
Y472H,missense_variant,pathogenic,clinvar,0,0.0
R452G,missense_variant,pathogenic,clinvar,0,0.0
L211H,missense_variant,pathogenic,case_reports,0,0.0
R452C,missense_variant,pathogenic,case_reports,0,0.0
R337Q,missense_variant,pathogenic,case_reports,0,0.0
K147M,missense_variant,benign,clinvar,1,1.0
D192E,missense_variant,benign,clinvar,1,1.0
R196L,missense_variant,benign,clinvar,1,1.0
H217D,missense_variant,benign,clinvar,1,1.0
Y294H,missense_variant,benign,clinvar,1,1.0
L341S,missense_variant,benign,clinvar,1,1.0
R300C,missense_variant,benign,gnomad,1,1.0
N421S,missense_variant,benign,gnomad,1,1.0
A2E,missense_variant,putatively benign,gnomad,1,
A3T,missense_variant,putatively benign,gnomad,1,
A3G,missense_variant,putatively benign,gnomad,1,
G4R,missense_variant,putatively benign,gnomad,1,
G4E,missense_variant,putatively benign,gnomad,1,
G4V,missense_variant,putatively benign,gnomad,1,
G5C,missense_variant,putatively benign,gnomad,1,
G5S,missense_variant,putatively benign,gnomad,1,
D6Y,missense_variant,putatively benign,gnomad,1,
D6H,missense_variant,putatively benign,gnomad,1,
D6N,missense_variant,putatively benign,gnomad,1,
D6V,missense_variant,putatively benign,gnomad,1,
D6E,missense_variant,putatively benign,gnomad,1,
H7D,missense_variant,putatively benign,gnomad,1,
H7Q,missense_variant,putatively benign,gnomad,1,
G8R,missense_variant,putatively benign,gnomad,1,
G8S,missense_variant,putatively benign,gnomad,1,
G8V,missense_variant,putatively benign,gnomad,1,
G8A,missense_variant,putatively benign,gnomad,1,
S9L,missense_variant,putatively benign,gnomad,1,
P10A,missense_variant,putatively benign,gnomad,1,
P10S,missense_variant,putatively benign,gnomad,1,
P10R,missense_variant,putatively benign,gnomad,1,
D11Y,missense_variant,putatively benign,gnomad,1,
D11N,missense_variant,putatively benign,gnomad,1,
D11H,missense_variant,putatively benign,gnomad,1,
D11V,missense_variant,putatively benign,gnomad,1,
D11A,missense_variant,putatively benign,gnomad,1,
S12G,missense_variant,putatively benign,gnomad,1,
S12R,missense_variant,putatively benign,gnomad,1,
Y13S,missense_variant,putatively benign,gnomad,1,
Y13C,missense_variant,putatively benign,gnomad,1,
Y13F,missense_variant,putatively benign,gnomad,1,
R14C,missense_variant,putatively benign,gnomad,1,
R14L,missense_variant,putatively benign,gnomad,1,
R14H,missense_variant,putatively benign,gnomad,1,
P16S,missense_variant,putatively benign,gnomad,1,
P16L,missense_variant,putatively benign,gnomad,1,
L17V,missense_variant,putatively benign,gnomad,1,
L17F,missense_variant,putatively benign,gnomad,1,
L17P,missense_variant,putatively benign,gnomad,1,
A18P,missense_variant,putatively benign,gnomad,1,
A18V,missense_variant,putatively benign,gnomad,1,
S19P,missense_variant,putatively benign,gnomad,1,
S19F,missense_variant,putatively benign,gnomad,1,
R20C,missense_variant,putatively benign,gnomad,1,
R20S,missense_variant,putatively benign,gnomad,1,
Y21S,missense_variant,putatively benign,gnomad,1,
Y21C,missense_variant,putatively benign,gnomad,1,
A22S,missense_variant,putatively benign,gnomad,1,
P24S,missense_variant,putatively benign,gnomad,1,
E25K,missense_variant,putatively benign,gnomad,1,
C27S,missense_variant,putatively benign,gnomad,1,
C27Y,missense_variant,putatively benign,gnomad,1,
F28L,missense_variant,putatively benign,gnomad,1,
V29M,missense_variant,putatively benign,gnomad,1,
S31R,missense_variant,putatively benign,gnomad,1,
D32Y,missense_variant,putatively benign,gnomad,1,
R33G,missense_variant,putatively benign,gnomad,1,
R33M,missense_variant,putatively benign,gnomad,1,
Y34C,missense_variant,putatively benign,gnomad,1,
F36Y,missense_variant,putatively benign,gnomad,1,
R37Q,missense_variant,putatively benign,gnomad,1,
T38S,missense_variant,putatively benign,gnomad,1,
T38I,missense_variant,putatively benign,gnomad,1,
T38R,missense_variant,putatively benign,gnomad,1,
R40G,missense_variant,putatively benign,gnomad,1,
R40W,missense_variant,putatively benign,gnomad,1,
Q41P,missense_variant,putatively benign,gnomad,1,
L42P,missense_variant,putatively benign,gnomad,1,
W43L,missense_variant,putatively benign,gnomad,1,
W43C,missense_variant,putatively benign,gnomad,1,
W45C,missense_variant,putatively benign,gnomad,1,
L46Q,missense_variant,putatively benign,gnomad,1,
A47S,missense_variant,putatively benign,gnomad,1,
A49V,missense_variant,putatively benign,gnomad,1,
E50Q,missense_variant,putatively benign,gnomad,1,
E50K,missense_variant,putatively benign,gnomad,1,
Q51E,missense_variant,putatively benign,gnomad,1,
T52I,missense_variant,putatively benign,gnomad,1,
T52K,missense_variant,putatively benign,gnomad,1,
G54S,missense_variant,putatively benign,gnomad,1,
G54D,missense_variant,putatively benign,gnomad,1,
I57V,missense_variant,putatively benign,gnomad,1,
I57L,missense_variant,putatively benign,gnomad,1,
T58I,missense_variant,putatively benign,gnomad,1,
D59N,missense_variant,putatively benign,gnomad,1,
D59G,missense_variant,putatively benign,gnomad,1,
E60K,missense_variant,putatively benign,gnomad,1,
E64D,missense_variant,putatively benign,gnomad,1,
M65I,missense_variant,putatively benign,gnomad,1,
K66N,missense_variant,putatively benign,gnomad,1,
L69M,missense_variant,putatively benign,gnomad,1,
L69V,missense_variant,putatively benign,gnomad,1,
N71D,missense_variant,putatively benign,gnomad,1,
I72M,missense_variant,putatively benign,gnomad,1,
D73N,missense_variant,putatively benign,gnomad,1,
D73H,missense_variant,putatively benign,gnomad,1,
F74L,missense_variant,putatively benign,gnomad,1,
K75Q,missense_variant,putatively benign,gnomad,1,
K75R,missense_variant,putatively benign,gnomad,1,
K75N,missense_variant,putatively benign,gnomad,1,
M76T,missense_variant,putatively benign,gnomad,1,
A77T,missense_variant,putatively benign,gnomad,1,
A77S,missense_variant,putatively benign,gnomad,1,
K82E,missense_variant,putatively benign,gnomad,1,
K82Q,missense_variant,putatively benign,gnomad,1,
K82R,missense_variant,putatively benign,gnomad,1,
R83H,missense_variant,putatively benign,gnomad,1,
R85Q,missense_variant,putatively benign,gnomad,1,
H86R,missense_variant,putatively benign,gnomad,1,
H86Q,missense_variant,putatively benign,gnomad,1,
D87N,missense_variant,putatively benign,gnomad,1,
V88L,missense_variant,putatively benign,gnomad,1,
V88A,missense_variant,putatively benign,gnomad,1,
M89V,missense_variant,putatively benign,gnomad,1,
A90S,missense_variant,putatively benign,gnomad,1,
H91D,missense_variant,putatively benign,gnomad,1,
H91Y,missense_variant,putatively benign,gnomad,1,
H91Q,missense_variant,putatively benign,gnomad,1,
V92M,missense_variant,putatively benign,gnomad,1,
H93Q,missense_variant,putatively benign,gnomad,1,
T94I,missense_variant,putatively benign,gnomad,1,
H97Y,missense_variant,putatively benign,gnomad,1,
C99Y,missense_variant,putatively benign,gnomad,1,
P100R,missense_variant,putatively benign,gnomad,1,
P100L,missense_variant,putatively benign,gnomad,1,
K101R,missense_variant,putatively benign,gnomad,1,
A102T,missense_variant,putatively benign,gnomad,1,
A102G,missense_variant,putatively benign,gnomad,1,
A103S,missense_variant,putatively benign,gnomad,1,
A103T,missense_variant,putatively benign,gnomad,1,
A103V,missense_variant,putatively benign,gnomad,1,
L108V,missense_variant,putatively benign,gnomad,1,
L108F,missense_variant,putatively benign,gnomad,1,
T111P,missense_variant,putatively benign,gnomad,1,
T111A,missense_variant,putatively benign,gnomad,1,
S112C,missense_variant,putatively benign,gnomad,1,
C113S,missense_variant,putatively benign,gnomad,1,
Y114C,missense_variant,putatively benign,gnomad,1,
Y114F,missense_variant,putatively benign,gnomad,1,
V115I,missense_variant,putatively benign,gnomad,1,
V115A,missense_variant,putatively benign,gnomad,1,
G116E,missense_variant,putatively benign,gnomad,1,
G116V,missense_variant,putatively benign,gnomad,1,
D117N,missense_variant,putatively benign,gnomad,1,
T119A,missense_variant,putatively benign,gnomad,1,
I122V,missense_variant,putatively benign,gnomad,1,
I122M,missense_variant,putatively benign,gnomad,1,
I123V,missense_variant,putatively benign,gnomad,1,
L124I,missense_variant,putatively benign,gnomad,1,
N126S,missense_variant,putatively benign,gnomad,1,
L130V,missense_variant,putatively benign,gnomad,1,
L131F,missense_variant,putatively benign,gnomad,1,
L132S,missense_variant,putatively benign,gnomad,1,
P133L,missense_variant,putatively benign,gnomad,1,
P133R,missense_variant,putatively benign,gnomad,1,
K134N,missense_variant,putatively benign,gnomad,1,
S120N,missense_variant,putatively benign,gnomad,1,
L121V,missense_variant,putatively benign,gnomad,1,
S124L,missense_variant,putatively benign,gnomad,1,
G126C,missense_variant,putatively benign,gnomad,1,
G126S,missense_variant,putatively benign,gnomad,1,
G126D,missense_variant,putatively benign,gnomad,1,
V127M,missense_variant,putatively benign,gnomad,1,
I128V,missense_variant,putatively benign,gnomad,1,
A130T,missense_variant,putatively benign,gnomad,1,
C132F,missense_variant,putatively benign,gnomad,1,
N133S,missense_variant,putatively benign,gnomad,1,
N133K,missense_variant,putatively benign,gnomad,1,
L134I,missense_variant,putatively benign,gnomad,1,
L134F,missense_variant,putatively benign,gnomad,1,
R135C,missense_variant,putatively benign,gnomad,1,
R135L,missense_variant,putatively benign,gnomad,1,
R135H,missense_variant,putatively benign,gnomad,1,
L136F,missense_variant,putatively benign,gnomad,1,
L136P,missense_variant,putatively benign,gnomad,1,
P137T,missense_variant,putatively benign,gnomad,1,
P137S,missense_variant,putatively benign,gnomad,1,
P137Q,missense_variant,putatively benign,gnomad,1,
G138D,missense_variant,putatively benign,gnomad,1,
D140Y,missense_variant,putatively benign,gnomad,1,
D140E,missense_variant,putatively benign,gnomad,1,
S141G,missense_variant,putatively benign,gnomad,1,
S141R,missense_variant,putatively benign,gnomad,1,
P143R,missense_variant,putatively benign,gnomad,1,
V146F,missense_variant,putatively benign,gnomad,1,
S147Y,missense_variant,putatively benign,gnomad,1,
Q148E,missense_variant,putatively benign,gnomad,1,
A136T,missense_variant,putatively benign,gnomad,1,
A136D,missense_variant,putatively benign,gnomad,1,
R137G,missense_variant,putatively benign,gnomad,1,
R137S,missense_variant,putatively benign,gnomad,1,
V138G,missense_variant,putatively benign,gnomad,1,
I139M,missense_variant,putatively benign,gnomad,1,
R141G,missense_variant,putatively benign,gnomad,1,
R141Q,missense_variant,putatively benign,gnomad,1,
L142F,missense_variant,putatively benign,gnomad,1,
D144N,missense_variant,putatively benign,gnomad,1,
F145V,missense_variant,putatively benign,gnomad,1,
A146V,missense_variant,putatively benign,gnomad,1,
K147Q,missense_variant,putatively benign,gnomad,1,
K147R,missense_variant,putatively benign,gnomad,1,
E148K,missense_variant,putatively benign,gnomad,1,
R149Q,missense_variant,putatively benign,gnomad,1,
R149L,missense_variant,putatively benign,gnomad,1,
S151G,missense_variant,putatively benign,gnomad,1,
S151C,missense_variant,putatively benign,gnomad,1,
L152V,missense_variant,putatively benign,gnomad,1,
L152P,missense_variant,putatively benign,gnomad,1,
P153S,missense_variant,putatively benign,gnomad,1,
P153R,missense_variant,putatively benign,gnomad,1,
T154A,missense_variant,putatively benign,gnomad,1,
L155S,missense_variant,putatively benign,gnomad,1,
H159Y,missense_variant,putatively benign,gnomad,1,
F160S,missense_variant,putatively benign,gnomad,1,
Q161R,missense_variant,putatively benign,gnomad,1,
Q164L,missense_variant,putatively benign,gnomad,1,
T166I,missense_variant,putatively benign,gnomad,1,
R171C,missense_variant,putatively benign,gnomad,1,
R171S,missense_variant,putatively benign,gnomad,1,
R171H,missense_variant,putatively benign,gnomad,1,
Q177E,missense_variant,putatively benign,gnomad,1,
D178E,missense_variant,putatively benign,gnomad,1,
L179F,missense_variant,putatively benign,gnomad,1,
C180Y,missense_variant,putatively benign,gnomad,1,
D182G,missense_variant,putatively benign,gnomad,1,
Q184H,missense_variant,putatively benign,gnomad,1,
N185T,missense_variant,putatively benign,gnomad,1,
K187N,missense_variant,putatively benign,gnomad,1,
R188C,missense_variant,putatively benign,gnomad,1,
R190L,missense_variant,putatively benign,gnomad,1,
L193P,missense_variant,putatively benign,gnomad,1,
R194L,missense_variant,putatively benign,gnomad,1,
R196W,missense_variant,putatively benign,gnomad,1,
R196Q,missense_variant,putatively benign,gnomad,1,
G197R,missense_variant,putatively benign,gnomad,1,
G197E,missense_variant,putatively benign,gnomad,1,
V198I,missense_variant,putatively benign,gnomad,1,
T201I,missense_variant,putatively benign,gnomad,1,
T202A,missense_variant,putatively benign,gnomad,1,
T202I,missense_variant,putatively benign,gnomad,1,
G203R,missense_variant,putatively benign,gnomad,1,
T204S,missense_variant,putatively benign,gnomad,1,
T204I,missense_variant,putatively benign,gnomad,1,
T204N,missense_variant,putatively benign,gnomad,1,
Q205E,missense_variant,putatively benign,gnomad,1,
Q205H,missense_variant,putatively benign,gnomad,1,
A206T,missense_variant,putatively benign,gnomad,1,
A206V,missense_variant,putatively benign,gnomad,1,
A206G,missense_variant,putatively benign,gnomad,1,
S207G,missense_variant,putatively benign,gnomad,1,
S207T,missense_variant,putatively benign,gnomad,1,
F208Y,missense_variant,putatively benign,gnomad,1,
L211F,missense_variant,putatively benign,gnomad,1,
F212S,missense_variant,putatively benign,gnomad,1,
E213K,missense_variant,putatively benign,gnomad,1,
E213D,missense_variant,putatively benign,gnomad,1,
D215N,missense_variant,putatively benign,gnomad,1,
D215G,missense_variant,putatively benign,gnomad,1,
H217R,missense_variant,putatively benign,gnomad,1,
E220Q,missense_variant,putatively benign,gnomad,1,
Q221H,missense_variant,putatively benign,gnomad,1,
L222I,missense_variant,putatively benign,gnomad,1,
D223E,missense_variant,putatively benign,gnomad,1,
M225V,missense_variant,putatively benign,gnomad,1,
M225L,missense_variant,putatively benign,gnomad,1,
M225I,missense_variant,putatively benign,gnomad,1,
V226M,missense_variant,putatively benign,gnomad,1,
E228A,missense_variant,putatively benign,gnomad,1,
G231E,missense_variant,putatively benign,gnomad,1,
K233Q,missense_variant,putatively benign,gnomad,1,
R234I,missense_variant,putatively benign,gnomad,1,
I237V,missense_variant,putatively benign,gnomad,1,
I238V,missense_variant,putatively benign,gnomad,1,
T239I,missense_variant,putatively benign,gnomad,1,
G240A,missense_variant,putatively benign,gnomad,1,
Q241R,missense_variant,putatively benign,gnomad,1,
R245Q,missense_variant,putatively benign,gnomad,1,
D248N,missense_variant,putatively benign,gnomad,1,
D248G,missense_variant,putatively benign,gnomad,1,
I249M,missense_variant,putatively benign,gnomad,1,
V251I,missense_variant,putatively benign,gnomad,1,
V251L,missense_variant,putatively benign,gnomad,1,
S253A,missense_variant,putatively benign,gnomad,1,
S253Y,missense_variant,putatively benign,gnomad,1,
V254M,missense_variant,putatively benign,gnomad,1,
L255P,missense_variant,putatively benign,gnomad,1,
S257G,missense_variant,putatively benign,gnomad,1,
S257T,missense_variant,putatively benign,gnomad,1,
S257N,missense_variant,putatively benign,gnomad,1,
L258F,missense_variant,putatively benign,gnomad,1,
G259V,missense_variant,putatively benign,gnomad,1,
A260S,missense_variant,putatively benign,gnomad,1,
S261A,missense_variant,putatively benign,gnomad,1,
V262M,missense_variant,putatively benign,gnomad,1,
V262L,missense_variant,putatively benign,gnomad,1,
H263R,missense_variant,putatively benign,gnomad,1,
K264E,missense_variant,putatively benign,gnomad,1,
K264R,missense_variant,putatively benign,gnomad,1,
I265V,missense_variant,putatively benign,gnomad,1,
T267A,missense_variant,putatively benign,gnomad,1,
T267N,missense_variant,putatively benign,gnomad,1,
T267I,missense_variant,putatively benign,gnomad,1,
I269V,missense_variant,putatively benign,gnomad,1,
I269T,missense_variant,putatively benign,gnomad,1,
I269K,missense_variant,putatively benign,gnomad,1,
I269M,missense_variant,putatively benign,gnomad,1,
R270C,missense_variant,putatively benign,gnomad,1,
R270H,missense_variant,putatively benign,gnomad,1,
L272V,missense_variant,putatively benign,gnomad,1,
A273V,missense_variant,putatively benign,gnomad,1,
A273E,missense_variant,putatively benign,gnomad,1,
K276E,missense_variant,putatively benign,gnomad,1,
K276N,missense_variant,putatively benign,gnomad,1,
E277A,missense_variant,putatively benign,gnomad,1,
M278L,missense_variant,putatively benign,gnomad,1,
M278I,missense_variant,putatively benign,gnomad,1,
E280K,missense_variant,putatively benign,gnomad,1,
P281S,missense_variant,putatively benign,gnomad,1,
P281T,missense_variant,putatively benign,gnomad,1,
P281R,missense_variant,putatively benign,gnomad,1,
F282L,missense_variant,putatively benign,gnomad,1,
E283Q,missense_variant,putatively benign,gnomad,1,
E283K,missense_variant,putatively benign,gnomad,1,
K284N,missense_variant,putatively benign,gnomad,1,
Q285E,missense_variant,putatively benign,gnomad,1,
Q285R,missense_variant,putatively benign,gnomad,1,
Q286E,missense_variant,putatively benign,gnomad,1,
Q286R,missense_variant,putatively benign,gnomad,1,
Q286H,missense_variant,putatively benign,gnomad,1,
I287V,missense_variant,putatively benign,gnomad,1,
G288A,missense_variant,putatively benign,gnomad,1,
G288V,missense_variant,putatively benign,gnomad,1,
S289L,missense_variant,putatively benign,gnomad,1,
S290R,missense_variant,putatively benign,gnomad,1,
A291V,missense_variant,putatively benign,gnomad,1,
M292L,missense_variant,putatively benign,gnomad,1,
M292V,missense_variant,putatively benign,gnomad,1,
P293S,missense_variant,putatively benign,gnomad,1,
Y294C,missense_variant,putatively benign,gnomad,1,
R296Q,missense_variant,putatively benign,gnomad,1,
P298L,missense_variant,putatively benign,gnomad,1,
M299T,missense_variant,putatively benign,gnomad,1,
R300S,missense_variant,putatively benign,gnomad,1,
R300L,missense_variant,putatively benign,gnomad,1,
R300H,missense_variant,putatively benign,gnomad,1,
E302Q,missense_variant,putatively benign,gnomad,1,
E302D,missense_variant,putatively benign,gnomad,1,
R303H,missense_variant,putatively benign,gnomad,1,
C304W,missense_variant,putatively benign,gnomad,1,
C305G,missense_variant,putatively benign,gnomad,1,
C305Y,missense_variant,putatively benign,gnomad,1,
S306T,missense_variant,putatively benign,gnomad,1,
L307F,missense_variant,putatively benign,gnomad,1,
A308D,missense_variant,putatively benign,gnomad,1,
A308V,missense_variant,putatively benign,gnomad,1,
R309C,missense_variant,putatively benign,gnomad,1,
H310Y,missense_variant,putatively benign,gnomad,1,
H310L,missense_variant,putatively benign,gnomad,1,
M312T,missense_variant,putatively benign,gnomad,1,
L314P,missense_variant,putatively benign,gnomad,1,
V315I,missense_variant,putatively benign,gnomad,1,
M316L,missense_variant,putatively benign,gnomad,1,
M316R,missense_variant,putatively benign,gnomad,1,
D317G,missense_variant,putatively benign,gnomad,1,
P318S,missense_variant,putatively benign,gnomad,1,
P318T,missense_variant,putatively benign,gnomad,1,
Q320R,missense_variant,putatively benign,gnomad,1,
T321S,missense_variant,putatively benign,gnomad,1,
T321R,missense_variant,putatively benign,gnomad,1,
T321I,missense_variant,putatively benign,gnomad,1,
A322V,missense_variant,putatively benign,gnomad,1,
V324L,missense_variant,putatively benign,gnomad,1,
Q325R,missense_variant,putatively benign,gnomad,1,
W326C,missense_variant,putatively benign,gnomad,1,
R329C,missense_variant,putatively benign,gnomad,1,
R329L,missense_variant,putatively benign,gnomad,1,
R329H,missense_variant,putatively benign,gnomad,1,
D333G,missense_variant,putatively benign,gnomad,1,
S334G,missense_variant,putatively benign,gnomad,1,
A335S,missense_variant,putatively benign,gnomad,1,
A335T,missense_variant,putatively benign,gnomad,1,
N336I,missense_variant,putatively benign,gnomad,1,
N336S,missense_variant,putatively benign,gnomad,1,
N336K,missense_variant,putatively benign,gnomad,1,
R337L,missense_variant,putatively benign,gnomad,1,
A340E,missense_variant,putatively benign,gnomad,1,
G342R,missense_variant,putatively benign,gnomad,1,
H343Y,missense_variant,putatively benign,gnomad,1,
H344D,missense_variant,putatively benign,gnomad,1,
E349Q,missense_variant,putatively benign,gnomad,1,
R351K,missense_variant,putatively benign,gnomad,1,
R351I,missense_variant,putatively benign,gnomad,1,
R338W,missense_variant,putatively benign,gnomad,1,
R338L,missense_variant,putatively benign,gnomad,1,
R338Q,missense_variant,putatively benign,gnomad,1,
I339N,missense_variant,putatively benign,gnomad,1,
I339M,missense_variant,putatively benign,gnomad,1,
C340Y,missense_variant,putatively benign,gnomad,1,
A348T,missense_variant,putatively benign,gnomad,1,
I351V,missense_variant,putatively benign,gnomad,1,
I351M,missense_variant,putatively benign,gnomad,1,
T354A,missense_variant,putatively benign,gnomad,1,
T354M,missense_variant,putatively benign,gnomad,1,
L355P,missense_variant,putatively benign,gnomad,1,
Q356K,missense_variant,putatively benign,gnomad,1,
Q356R,missense_variant,putatively benign,gnomad,1,
I358V,missense_variant,putatively benign,gnomad,1,
E360K,missense_variant,putatively benign,gnomad,1,
V363I,missense_variant,putatively benign,gnomad,1,
V363F,missense_variant,putatively benign,gnomad,1,
Y365H,missense_variant,putatively benign,gnomad,1,
Y365C,missense_variant,putatively benign,gnomad,1,
R369G,missense_variant,putatively benign,gnomad,1,
S373A,missense_variant,putatively benign,gnomad,1,
V368I,missense_variant,putatively benign,gnomad,1,
V368L,missense_variant,putatively benign,gnomad,1,
I369V,missense_variant,putatively benign,gnomad,1,
I369T,missense_variant,putatively benign,gnomad,1,
E370K,missense_variant,putatively benign,gnomad,1,
R371W,missense_variant,putatively benign,gnomad,1,
R371G,missense_variant,putatively benign,gnomad,1,
R372S,missense_variant,putatively benign,gnomad,1,
R372C,missense_variant,putatively benign,gnomad,1,
R372P,missense_variant,putatively benign,gnomad,1,
R372H,missense_variant,putatively benign,gnomad,1,
I373L,missense_variant,putatively benign,gnomad,1,
I373V,missense_variant,putatively benign,gnomad,1,
R374Q,missense_variant,putatively benign,gnomad,1,
E376Q,missense_variant,putatively benign,gnomad,1,
L377V,missense_variant,putatively benign,gnomad,1,
F379V,missense_variant,putatively benign,gnomad,1,
M380V,missense_variant,putatively benign,gnomad,1,
M380I,missense_variant,putatively benign,gnomad,1,
A381S,missense_variant,putatively benign,gnomad,1,
A381T,missense_variant,putatively benign,gnomad,1,
T382I,missense_variant,putatively benign,gnomad,1,
E383K,missense_variant,putatively benign,gnomad,1,
E383A,missense_variant,putatively benign,gnomad,1,
N384D,missense_variant,putatively benign,gnomad,1,
N384S,missense_variant,putatively benign,gnomad,1,
I385V,missense_variant,putatively benign,gnomad,1,
I386V,missense_variant,putatively benign,gnomad,1,
I386F,missense_variant,putatively benign,gnomad,1,
M387V,missense_variant,putatively benign,gnomad,1,
M389I,missense_variant,putatively benign,gnomad,1,
K391R,missense_variant,putatively benign,gnomad,1,
K391T,missense_variant,putatively benign,gnomad,1,
K391N,missense_variant,putatively benign,gnomad,1,
R396P,missense_variant,putatively benign,gnomad,1,
Q397R,missense_variant,putatively benign,gnomad,1,
Q397H,missense_variant,putatively benign,gnomad,1,
H400R,missense_variant,putatively benign,gnomad,1,
E401G,missense_variant,putatively benign,gnomad,1,
E401D,missense_variant,putatively benign,gnomad,1,
I403F,missense_variant,putatively benign,gnomad,1,
I403L,missense_variant,putatively benign,gnomad,1,
I403S,missense_variant,putatively benign,gnomad,1,
R404S,missense_variant,putatively benign,gnomad,1,
L406P,missense_variant,putatively benign,gnomad,1,
S407F,missense_variant,putatively benign,gnomad,1,
A410T,missense_variant,putatively benign,gnomad,1,
A410V,missense_variant,putatively benign,gnomad,1,
A411T,missense_variant,putatively benign,gnomad,1,
S412F,missense_variant,putatively benign,gnomad,1,
K415E,missense_variant,putatively benign,gnomad,1,
G418R,missense_variant,putatively benign,gnomad,1,
G418E,missense_variant,putatively benign,gnomad,1,
G419V,missense_variant,putatively benign,gnomad,1,
D420Y,missense_variant,putatively benign,gnomad,1,
D420N,missense_variant,putatively benign,gnomad,1,
N421T,missense_variant,putatively benign,gnomad,1,
D422E,missense_variant,putatively benign,gnomad,1,
I424V,missense_variant,putatively benign,gnomad,1,
I424T,missense_variant,putatively benign,gnomad,1,
R426L,missense_variant,putatively benign,gnomad,1,
I427T,missense_variant,putatively benign,gnomad,1,
I427M,missense_variant,putatively benign,gnomad,1,
V429A,missense_variant,putatively benign,gnomad,1,
D430V,missense_variant,putatively benign,gnomad,1,
Y432D,missense_variant,putatively benign,gnomad,1,
Y432C,missense_variant,putatively benign,gnomad,1,
F433L,missense_variant,putatively benign,gnomad,1,
P435R,missense_variant,putatively benign,gnomad,1,
H437N,missense_variant,putatively benign,gnomad,1,
H437L,missense_variant,putatively benign,gnomad,1,
Q439K,missense_variant,putatively benign,gnomad,1,
D441E,missense_variant,putatively benign,gnomad,1,
D445N,missense_variant,putatively benign,gnomad,1,
D445E,missense_variant,putatively benign,gnomad,1,
P446T,missense_variant,putatively benign,gnomad,1,
P446H,missense_variant,putatively benign,gnomad,1,
S447Y,missense_variant,putatively benign,gnomad,1,
S447F,missense_variant,putatively benign,gnomad,1,
S448C,missense_variant,putatively benign,gnomad,1,
G451V,missense_variant,putatively benign,gnomad,1,
R452S,missense_variant,putatively benign,gnomad,1,
R452H,missense_variant,putatively benign,gnomad,1,
S454F,missense_variant,putatively benign,gnomad,1,
Q455R,missense_variant,putatively benign,gnomad,1,
Q455H,missense_variant,putatively benign,gnomad,1,
Q456L,missense_variant,putatively benign,gnomad,1,
Q456H,missense_variant,putatively benign,gnomad,1,
V457M,missense_variant,putatively benign,gnomad,1,
V457A,missense_variant,putatively benign,gnomad,1,
R459S,missense_variant,putatively benign,gnomad,1,
L461S,missense_variant,putatively benign,gnomad,1,
E462K,missense_variant,putatively benign,gnomad,1,
E462G,missense_variant,putatively benign,gnomad,1,
E464D,missense_variant,putatively benign,gnomad,1,
P467T,missense_variant,putatively benign,gnomad,1,
L469V,missense_variant,putatively benign,gnomad,1,
S474R,missense_variant,putatively benign,gnomad,1,
V475M,missense_variant,putatively benign,gnomad,1,
V475L,missense_variant,putatively benign,gnomad,1,
M476V,missense_variant,putatively benign,gnomad,1,
M476R,missense_variant,putatively benign,gnomad,1,
M476I,missense_variant,putatively benign,gnomad,1,
A480P,missense_variant,putatively benign,gnomad,1,
A480G,missense_variant,putatively benign,gnomad,1,
E481A,missense_variant,putatively benign,gnomad,1,
C483R,missense_variant,putatively benign,gnomad,1,
C483Y,missense_variant,putatively benign,gnomad,1,
L484P,missense_variant,putatively benign,gnomad,1,
V57M,missense_variant,putatively benign,gnomad,1,
P58S,missense_variant,putatively benign,gnomad,1,
N62D,missense_variant,putatively benign,gnomad,1,
I67T,missense_variant,putatively benign,gnomad,1,
C69G,missense_variant,putatively benign,gnomad,1,
C69Y,missense_variant,putatively benign,gnomad,1,
I71M,missense_variant,putatively benign,gnomad,1,
S72Y,missense_variant,putatively benign,gnomad,1,
N73S,missense_variant,putatively benign,gnomad,1,
T77I,missense_variant,putatively benign,gnomad,1,
W81R,missense_variant,putatively benign,gnomad,1,
L86R,missense_variant,putatively benign,gnomad,1,
T91P,missense_variant,putatively benign,gnomad,1,
T91S,missense_variant,putatively benign,gnomad,1,
A92V,missense_variant,putatively benign,gnomad,1,
P93S,missense_variant,putatively benign,gnomad,1,
P93L,missense_variant,putatively benign,gnomad,1,
A98V,missense_variant,putatively benign,gnomad,1,
V478F,missense_variant,putatively benign,gnomad,1,
V478I,missense_variant,putatively benign,gnomad,1,
F480S,missense_variant,putatively benign,gnomad,1,
V31A,missense_variant,putatively benign,gnomad,1,
R34G,missense_variant,putatively benign,gnomad,1,
R34W,missense_variant,putatively benign,gnomad,1,
K36T,missense_variant,putatively benign,gnomad,1,
V48G,missense_variant,putatively benign,gnomad,1,
S49Y,missense_variant,putatively benign,gnomad,1,
P52L,missense_variant,putatively benign,gnomad,1,
M57R,missense_variant,putatively benign,gnomad,1,
