case_id,allele_one,allele_two,phenotype,genotype,database,,,,,,,,
AD1,49TC,P318L,severe,hetero,https://www.adenylosuccinatelyasedeficiency.com/database-of-patients-update,,,,,,,,
AD2,49TC,R426H,severe,hetero,https://www.adenylosuccinatelyasedeficiency.com/database-of-patients-update,,,,,,,,
AD3,49TC,S447P,severe,hetero,https://www.adenylosuccinatelyasedeficiency.com/database-of-patients-update,,,,,,,,
AD4,R141W,206-218del ,neonatal,hetero,https://www.adenylosuccinatelyasedeficiency.com/database-of-patients-update,,,,,,,,
AD5,M1L,R374W,severe,hetero,https://www.adenylosuccinatelyasedeficiency.com/database-of-patients-update,,,,,,,,
AD6,M1V,S448P,mild,hetero,https://www.adenylosuccinatelyasedeficiency.com/database-of-patients-update,,,,,,,,
AD7,A2V,S395R,neonatal,hetero,https://www.adenylosuccinatelyasedeficiency.com/database-of-patients-update,,,,,,,,
AD8,A3P,R190*,neonatal,hetero,https://www.adenylosuccinatelyasedeficiency.com/database-of-patients-update,,,,,,,,
AD9,A3V,R337*,severe,hetero,https://www.adenylosuccinatelyasedeficiency.com/database-of-patients-update,,,,,,,,
AD10,A3V,lack of mRNA,severe,not avaliable,https://www.adenylosuccinatelyasedeficiency.com/database-of-patients-update,,,,,,,,
AD11,S23R,R426H,severe,hetero,https://www.adenylosuccinatelyasedeficiency.com/database-of-patients-update,,,,,,,,
AD12,M26L,R426H,severe,hetero,https://www.adenylosuccinatelyasedeficiency.com/database-of-patients-update,,,,,,,,
AD13,I72V,K246E,severe,hetero,https://www.adenylosuccinatelyasedeficiency.com/database-of-patients-update,,,,,,,,
AD14,E80D,D87E,mild,hetero,https://www.adenylosuccinatelyasedeficiency.com/database-of-patients-update,,,,,,,,
AD15,P100A,D422Y,severe,hetero,https://www.adenylosuccinatelyasedeficiency.com/database-of-patients-update,,,,,,,,
AD16,Y114H,R190Q,mild,hetero,https://www.adenylosuccinatelyasedeficiency.com/database-of-patients-update,,,,,,,,
AD17,Y114H,R190Q,mild,hetero,https://www.adenylosuccinatelyasedeficiency.com/database-of-patients-update,,,,,,,,
AD18,Y114H,T242I,neonatal,hetero,https://www.adenylosuccinatelyasedeficiency.com/database-of-patients-update,,,,,,,,
AD19,Y114H,T242I,severe,hetero,https://www.adenylosuccinatelyasedeficiency.com/database-of-patients-update,,,,,,,,
AD20,Y114H,E376D,neonatal,hetero,https://www.adenylosuccinatelyasedeficiency.com/database-of-patients-update,,,,,,,,
AD21,Y114H,R396H,severe,hetero,https://www.adenylosuccinatelyasedeficiency.com/database-of-patients-update,,,,,,,,
AD22,Y114H,R426H,neonatal,hetero,https://www.adenylosuccinatelyasedeficiency.com/database-of-patients-update,,,,,,,,
AD23,Y114H,R426H,neonatal,hetero,https://www.adenylosuccinatelyasedeficiency.com/database-of-patients-update,,,,,,,,
AD24,Y114H,R426H,neonatal,hetero,https://www.adenylosuccinatelyasedeficiency.com/database-of-patients-update,,,,,,,,
AD25,Y114H,R426H,neonatal,hetero,https://www.adenylosuccinatelyasedeficiency.com/database-of-patients-update,,,,,,,,
AD26,Y114H,R426H,neonatal,hetero,https://www.adenylosuccinatelyasedeficiency.com/database-of-patients-update,,,,,,,,
AD27,R194G,260GfsX24,severe,Indel-related,https://www.adenylosuccinatelyasedeficiency.com/database-of-patients-update,,,,,,,,
AD28,R190Q,K246E,mild,hetero,https://www.adenylosuccinatelyasedeficiency.com/database-of-patients-update,,,,,,,,
AD29,R194C,D268N,severe,hetero,https://www.adenylosuccinatelyasedeficiency.com/database-of-patients-update,,,,,,,,
AD30,R194C,R396C,neonatal,hetero,https://www.adenylosuccinatelyasedeficiency.com/database-of-patients-update,,,,,,,,
AD31,D215H,I351T,severe,hetero,https://www.adenylosuccinatelyasedeficiency.com/database-of-patients-update,,,,,,,,
AD32,M225T,M225T,severe,homo,https://www.adenylosuccinatelyasedeficiency.com/database-of-patients-update,,,,,,,,
AD33,M225T,M225T,severe,homo,https://www.adenylosuccinatelyasedeficiency.com/database-of-patients-update,,,,,,,,
AD34,D268H,R426H,mild,hetero,https://www.adenylosuccinatelyasedeficiency.com/database-of-patients-update,,,,,,,,
AD35,D268N,P467R,severe,hetero,https://www.adenylosuccinatelyasedeficiency.com/database-of-patients-update,,,,,,,,
AD36,N297S,R303C,mild to severe,hetero,https://www.adenylosuccinatelyasedeficiency.com/database-of-patients-update,,,,,,,,
AD37,N297S,R303C,mild,hetero,https://www.adenylosuccinatelyasedeficiency.com/database-of-patients-update,,,,,,,,
AD38,R303C,R303C,mild,homo,https://www.adenylosuccinatelyasedeficiency.com/database-of-patients-update,,,,,,,,
AD39,R303C,R303C,mild,homo,https://www.adenylosuccinatelyasedeficiency.com/database-of-patients-update,,,,,,,,
AD40,L311V,R396H,severe,hetero,https://www.adenylosuccinatelyasedeficiency.com/database-of-patients-update,,,,,,,,
AD41,V364M,R452P,severe,hetero,https://www.adenylosuccinatelyasedeficiency.com/database-of-patients-update,,,,,,,,
AD42,V364M,R452P,severe,hetero,https://www.adenylosuccinatelyasedeficiency.com/database-of-patients-update,,,,,,,,
AD43,I369L,I369L,severe,homo,https://www.adenylosuccinatelyasedeficiency.com/database-of-patients-update,,,,,,,,
AD44,L423V,R426H,mild,hetero,https://www.adenylosuccinatelyasedeficiency.com/database-of-patients-update,,,,,,,,
AD45,R426H,R426H,severe,homo,https://www.adenylosuccinatelyasedeficiency.com/database-of-patients-update,,,,,,,,
AD46,R426H,R426H,severe,homo,https://www.adenylosuccinatelyasedeficiency.com/database-of-patients-update,,,,,,,,
AD47,R426H,R426H,mild,homo,https://www.adenylosuccinatelyasedeficiency.com/database-of-patients-update,,,,,,,,
AD48,R426H,R426H,mild,homo,https://www.adenylosuccinatelyasedeficiency.com/database-of-patients-update,,,,,,,,
AD49,R426H,R426H,severe,homo,https://www.adenylosuccinatelyasedeficiency.com/database-of-patients-update,,,,,,,,
AD50,R426H,R426H,severe,homo,https://www.adenylosuccinatelyasedeficiency.com/database-of-patients-update,,,,,,,,
AD51,R426H,R426H,severe,homo,https://www.adenylosuccinatelyasedeficiency.com/database-of-patients-update,,,,,,,,
AD52,R426H,R426H,severe,homo,https://www.adenylosuccinatelyasedeficiency.com/database-of-patients-update,,,,,,,,
AD53,R426H,R426H,severe,homo,https://www.adenylosuccinatelyasedeficiency.com/database-of-patients-update,,,,,,,,
AD54,R426H,R426H,severe,homo,https://www.adenylosuccinatelyasedeficiency.com/database-of-patients-update,,,,,,,,
AD55,R426H,R426H,severe,homo,https://www.adenylosuccinatelyasedeficiency.com/database-of-patients-update,,,,,,,,
AD56,R426H,R426H,severe,homo,https://www.adenylosuccinatelyasedeficiency.com/database-of-patients-update,,,,,,,,
AD57,R426H,R426H,severe,homo,https://www.adenylosuccinatelyasedeficiency.com/database-of-patients-update,,,,,,,,
AD58,R426H,R426H,severe,homo,https://www.adenylosuccinatelyasedeficiency.com/database-of-patients-update,,,,,,,,
AD59,R426H,R426H,severe,homo,https://www.adenylosuccinatelyasedeficiency.com/database-of-patients-update,,,,,,,,
AD60,R426H,D430N,mild,hetero,https://www.adenylosuccinatelyasedeficiency.com/database-of-patients-update,,,,,,,,
AD61,R426H,T450S,mild,hetero,https://www.adenylosuccinatelyasedeficiency.com/database-of-patients-update,,,,,,,,
AD62,R426H,T450S,mild,hetero,https://www.adenylosuccinatelyasedeficiency.com/database-of-patients-update,,,,,,,,
AD63,S438P,S438P,severe,homo,https://www.adenylosuccinatelyasedeficiency.com/database-of-patients-update,,,,,,,,
AD64,S438P,S438P,severe,homo,https://www.adenylosuccinatelyasedeficiency.com/database-of-patients-update,,,,,,,,
AD65,,,neonatal,not avaliable,https://www.adenylosuccinatelyasedeficiency.com/database-of-patients-update,,,,,,,,
AD66,,,neonatal,not avaliable,https://www.adenylosuccinatelyasedeficiency.com/database-of-patients-update,,,,,,,,
AD67,R426H,R426H,mild to severe,homo,https://www.adenylosuccinatelyasedeficiency.com/database-of-patients-update,,,,,,,,
AD68,,,mild to severe,not avaliable,https://www.adenylosuccinatelyasedeficiency.com/database-of-patients-update,,,,,,,,
AD69,49TC,R426H,severe,hetero,https://www.adenylosuccinatelyasedeficiency.com/database-of-patients-update,,,,,,,,
AD70,R141W,P435L,severe,hetero,https://www.adenylosuccinatelyasedeficiency.com/database-of-patients-update,,,,,,,,
AD71,T244I,splice,mild,Mis-splicing-related,https://www.adenylosuccinatelyasedeficiency.com/database-of-patients-update,,,,,,,,
AD72,I369L,I369L,severe,homo,https://www.adenylosuccinatelyasedeficiency.com/database-of-patients-update,,,,,,,,
AD73,M389V,M389V,mild,homo,https://www.adenylosuccinatelyasedeficiency.com/database-of-patients-update,,,,,,,,
AD74,M389V,M389V,mild to severe,homo,https://www.adenylosuccinatelyasedeficiency.com/database-of-patients-update,,,,,,,,
AD75,Y114H,no RNA,severe,not avaliable,https://www.adenylosuccinatelyasedeficiency.com/database-of-patients-update,,,,,,,,
AD76,Y114H,G418A,mild,hetero,https://www.adenylosuccinatelyasedeficiency.com/database-of-patients-update,,,,,,,,
AD77,Y114H,G418A,mild,hetero,https://www.adenylosuccinatelyasedeficiency.com/database-of-patients-update,,,,,,,,
AD78,Y114H,G418A,severe,hetero,https://www.adenylosuccinatelyasedeficiency.com/database-of-patients-update,,,,,,,,
AD79,49TC,889891dupAAT,severe,Frameshift-related,https://www.adenylosuccinatelyasedeficiency.com/database-of-patients-update,,,,,,,,
AD80,R426H,D268H,mild,hetero,https://www.adenylosuccinatelyasedeficiency.com/database-of-patients-update,,,,,,,,
AD81,K246E,WT,severe,not avaliable,https://www.adenylosuccinatelyasedeficiency.com/database-of-patients-update,,,,,,,,
AD82,exon 12,D268N,severe,Mis-splicing-related,https://www.adenylosuccinatelyasedeficiency.com/database-of-patients-update,,,,,,,,
AD83,K246Q,M316Y,severe,hetero,https://www.adenylosuccinatelyasedeficiency.com/database-of-patients-update,,,,,,,,
AD84,R426H,R426H,severe,homo,https://www.adenylosuccinatelyasedeficiency.com/database-of-patients-update,,,,,,,,
AD85,R426H,R426H,severe,homo,https://www.adenylosuccinatelyasedeficiency.com/database-of-patients-update,,,,,,,,
AD86,R426H,R426H,severe,homo,https://www.adenylosuccinatelyasedeficiency.com/database-of-patients-update,,,,,,,,
AD87,P24L,E463,severe,Indel-related,https://www.adenylosuccinatelyasedeficiency.com/database-of-patients-update,,,,,,,,
AD88,P24L,E463,severe,Indel-related,https://www.adenylosuccinatelyasedeficiency.com/database-of-patients-update,,,,,,,,
AD89,P24L,W45*,severe,hetero,https://www.adenylosuccinatelyasedeficiency.com/database-of-patients-update,,,,,,,,
AD90,P24L,W45*,severe,hetero,https://www.adenylosuccinatelyasedeficiency.com/database-of-patients-update,,,,,,,,
AD91,R309H,splice site,mild,Mis-splicing-related,https://www.adenylosuccinatelyasedeficiency.com/database-of-patients-update,,,,,,,,
AD92,Y114H,A22V,severe,hetero,https://www.adenylosuccinatelyasedeficiency.com/database-of-patients-update,,,,,,,,
AD93,M26L,R396H,mild,hetero,https://www.adenylosuccinatelyasedeficiency.com/database-of-patients-update,,,,,,,,
AD94,M26L,R396H,mild,hetero,https://www.adenylosuccinatelyasedeficiency.com/database-of-patients-update,,,,,,,,
AD95,Q343K,Q343K,mild,homo,https://www.adenylosuccinatelyasedeficiency.com/database-of-patients-update,,,,,,,,
AD96,R426H,C304G,mild,hetero,https://www.adenylosuccinatelyasedeficiency.com/database-of-patients-update,,,,,,,,
AD97,S448del,V168I,neonatal,Indel-related,https://www.adenylosuccinatelyasedeficiency.com/database-of-patients-update,,,,,,,,
AD98,R426H,R426H,severe,homo,https://www.adenylosuccinatelyasedeficiency.com/database-of-patients-update,,,,,,,,
AD99,R426H,R426H,severe,homo,https://www.adenylosuccinatelyasedeficiency.com/database-of-patients-update,,,,,,,,
AD100,R426H,R426H,severe,homo,https://www.adenylosuccinatelyasedeficiency.com/database-of-patients-update,,,,,,,,
AD101,R149G,W175C,severe,hetero,https://www.adenylosuccinatelyasedeficiency.com/database-of-patients-update,,,,,,,,
AD102,R141W,P318L,severe,hetero,https://www.adenylosuccinatelyasedeficiency.com/database-of-patients-update,,,,,,,,
AD103,R426H,S23R,severe,hetero,https://www.adenylosuccinatelyasedeficiency.com/database-of-patients-update,,,,,,,,
AD104,R426H,R426H,mild,homo,https://www.adenylosuccinatelyasedeficiency.com/database-of-patients-update,,,,,,,,
AD105,R426H,R426H,-,homo,https://www.adenylosuccinatelyasedeficiency.com/database-of-patients-update,,,,,,,,
AD106,E343K,E343K,mild,homo,https://www.adenylosuccinatelyasedeficiency.com/database-of-patients-update,,,,,,,,
AD107,R426H,D430D,mild,hetero,https://www.adenylosuccinatelyasedeficiency.com/database-of-patients-update,,,,,,,,
AD108,T450S,D332H,mild,hetero,https://www.adenylosuccinatelyasedeficiency.com/database-of-patients-update,,,,,,,,
AD109,intron,intron,severe,Mis-splicing-related,https://www.adenylosuccinatelyasedeficiency.com/database-of-patients-update,,,,,,,,
AD110,A22V,Y114H,severe,hetero,https://www.adenylosuccinatelyasedeficiency.com/database-of-patients-update,,,,,,,,
AD111,M26L,R396H,severe,hetero,https://www.adenylosuccinatelyasedeficiency.com/database-of-patients-update,,,,,,,,
AD112,M26L,R396H,mild,hetero,https://www.adenylosuccinatelyasedeficiency.com/database-of-patients-update,,,,,,,,
AD113,E343K,E343K,severe,homo,https://www.adenylosuccinatelyasedeficiency.com/database-of-patients-update,,,,,,,,
AD114,R426H,C304G,severe,hetero,https://www.adenylosuccinatelyasedeficiency.com/database-of-patients-update,,,,,,,,
AD115,splicing,P24L,moderate/severe,hetero,https://www.adenylosuccinatelyasedeficiency.com/database-of-patients-update,,,,,,,,
AD116,L211H,R426H,severe,hetero,https://www.adenylosuccinatelyasedeficiency.com/database-of-patients-update,,,,,,,,
AD117,R452C,R337Q,mild,hetero,https://doi.org/10.1016/j.genrep.2025.102132,,,,,,,,
AD118,R426H,R426H,mild,homo,DOI: 10.1002/epi4.12837,,,,,,,,
AD119,R426H,R426H,mild,homo,DOI: 10.1002/epi4.12837,,,,,,,,
AD120,D430N,D430N,mild,homo,DOI: 10.1002/epi4.12837,,,,,,,,
AD121,D430N,D430N,mild,homo,DOI: 10.1002/epi4.12837,,,,,,,,
AD122,D430N,D430N,mild,homo,DOI: 10.1002/epi4.12837,,,,,,,,
AD123,D430N,D430N,mild,homo,DOI: 10.1002/epi4.12837,,,,,,,,
AD124,Y114H,R296W,mild,hetero,DOI: 10.1002/epi4.12837,,,,,,,,
