position,residue,conservation,color
1,  M,-0.353,   6*
2,  A,-0.407,   7*
3,  A,0.616,   4*
4,  G,-0.378,   6*
5,  G,-0.378,   6*
6,  D,-0.401,   7*
7,  H,0.711,   4*
8,  G,-0.572,   7*
9,  S,-0.135,6
10,  P,1.956,2
11,  D,0.31,5
12,  S,1.655,3
13,  Y,-0.628,7
14,  R,0.623,4
15,  S,-0.609,7
16,  P,-0.951,9
17,  L,-0.907,9
18,  A,0.826,4
19,  S,0.253,5
20,  R,-1.129,9
21,  Y,-1.055,9
22,  A,-0.76,8
23,  S,-0.96,9
24,  P,1.357,3
25,  E,-0.573,7
26,  M,-1.095,9
27,  C,0.378,4
28,  F,2.769,1
29,  V,0.853,4
30,  F,-0.897,9
31,  S,-1.022,9
32,  D,0.676,4
33,  R,1.134,3
34,  Y,1.329,3
35,  K,-0.765,8
36,  F,-0.147,6
37,  R,0.689,4
38,  T,-0.798,8
39,  W,-0.85,8
40,  R,-1.105,9
41,  Q,0.368,4
42,  L,-0.624,7
43,  W,-1.111,9
44,  L,0.27,5
45,  W,-0.224,6
46,  L,-1.056,9
47,  A,-1.11,9
48,  E,-0.31,6
49,  A,-0.322,6
50,  E,-0.661,8
51,  Q,1.332,3
52,  T,-0.248,6
53,  L,-0.72,8
54,  G,-1.113,9
55,  L,-0.39,7
56,  P,2.779,1
57,  I,-0.725,8
58,  T,-0.088,5
59,  D,1.553,3
60,  E,0.128,5
61,  Q,-0.905,9
62,  I,-0.182,6
63,  Q,1.591,3
64,  E,-0.453,7
65,  M,-0.365,6
66,  K,0.433,4
67,  S,0.908,4
68,  N,0.579,4
69,  L,2.11,2
70,  E,1.045,3
71,  N,0.612,4
72,  I,-0.587,7
73,  D,-0.707,8
74,  F,0.245,5
75,  K,1.398,3
76,  M,0.922,4
77,  A,-0.73,8
78,  A,0.431,4
79,  E,1.153,3
80,  E,0.133,5
81,  E,-1.133,9
82,  K,0.348,4
83,  R,0.516,4
84,  L,0.271,5
85,  R,-0.977,9
86,  H,-1.13,9
87,  D,-1.056,9
88,  V,-1.034,9
89,  M,-1.04,9
90,  A,-0.821,8
91,  H,-1.056,9
92,  V,-0.48,7
93,  H,-0.204,6
94,  T,-0.081,5
95,  F,0.095,5
96,  G,-0.685,8
97,  H,1.045,3
98,  C,0.281,5
99,  C,-0.331,6
100,  P,-0.783,8
101,  K,1.82,2
102,  A,-0.919,9
103,  A,0.029,5
104,  G,1.255,3
105,  I,-0.899,9
106,  I,-0.78,8
107,  H,-1.13,9
108,  L,-0.734,8
109,  G,-1.066,9
110,  A,-1.066,9
111,  T,-1.132,9
112,  S,-1.135,9
113,  C,-0.373,6
114,  Y,-0.079,5
115,  V,-0.975,9
116,  G,0.044,5
117,  D,-1.078,9
118,  N,-1.136,9
119,  T,-0.514,7
120,  D,-0.804,8
121,  L,-0.132,6
122,  I,-0.451,7
123,  I,0.479,4
124,  L,0.002,5
125,  R,-0.039,5
126,  N,0.215,5
127,  A,0.04,5
128,  L,-0.244,6
129,  D,2.438,1
130,  L,0.308,5
131,  L,0.529,4
132,  L,1.216,3
133,  P,1.623,3
134,  K,-0.21,6
135,  L,0.029,5
136,  A,0.56,4
137,  R,1.187,3
138,  V,0.068,5
139,  I,0.136,5
140,  S,2.641,1
141,  R,0.843,4
142,  L,-0.781,8
143,  A,0.534,4
144,  D,1.691,2
145,  F,-0.621,7
146,  A,-0.838,8
147,  K,3.009,1
148,  E,1.463,3
149,  R,1.114,3
150,  A,-0.26,6
151,  S,1.006,3
152,  L,0.773,4
153,  P,-0.477,7
154,  T,-0.355,6
155,  L,-1.004,9
156,  G,-0.394,7
157,  F,0.202,5
158,  T,-1.133,9
159,  H,-1.13,9
160,  F,0.127,5
161,  Q,-1.135,9
162,  P,-0.531,7
163,  A,-1.132,9
164,  Q,-1.1,9
165,  L,-0.11,5
166,  T,-0.895,9
167,  T,-1.092,9
168,  V,-0.787,8
169,  G,-1.114,9
170,  K,-0.995,9
171,  R,-1.13,9
172,  C,-0.637,8
173,  C,0.114,5
174,  L,-0.678,8
175,  W,-0.927,9
176,  I,0.952,4
177,  Q,-0.353,6
178,  D,-0.787,8
179,  L,-0.24,6
180,  C,1.275,3
181,  M,1.167,3
182,  D,-0.969,9
183,  L,0.264,5
184,  Q,0.359,4
185,  N,0.215,5
186,  L,0.376,4
187,  K,1.482,3
188,  R,1.411,3
189,  V,1.083,3
190,  R,1.118,3
191,  D,2.698,1
192,  D,1.672,3
193,  L,0.077,5
194,  R,0.673,4
195,  F,0.099,5
196,  R,-0.837,8
197,  G,-0.974,9
198,  V,-0.061,5
199,  K,-0.957,9
200,  G,-1.068,9
201,  T,-0.878,8
202,  T,-1.026,9
203,  G,-1.114,9
204,  T,-1.029,9
205,  Q,-0.949,9
206,  A,-0.949,9
207,  S,-1.028,9
208,  F,-0.99,9
209,  L,-0.011,5
210,  Q,0.617,4
211,  L,-1.031,9
212,  F,-0.634,8
213,  E,1.185,3
214,  G,-0.065,5
215,  D,-0.616,7
216,  D,1.362,3
217,  H,1.191,3
218,  K,-0.781,8
219,  V,-0.402,7
220,  E,0.606,4
221,  Q,1.061,3
222,  L,-0.763,8
223,  D,-0.678,8
224,  K,1.271,3
225,  M,2.192,2
226,  V,-0.452,7
227,  T,-0.021,5
228,  E,1.086,3
229,  K,0.096,5
230,  A,-0.05,5
231,  G,-0.566,7
232,  F,-0.623,7
233,  K,3.01,1
234,  R,3.006,1
235,  A,1.489,3
236,  F,1.095,3
237,  I,1.412,3
238,  I,-0.523,7
239,  T,-0.342,6
240,  G,-0.757,8
241,  Q,-1.135,9
242,  T,-1.091,9
243,  Y,-1.026,9
244,  T,-0.21,6
245,  R,-1.13,9
246,  K,-0.839,8
247,  V,0.453,4
248,  D,-1.058,9
249,  I,0.464,4
250,  E,1.019,3
251,  V,0.119,5
252,  L,0.707,4
253,  S,0.459,4
254,  V,0.731,4
255,  L,-0.963,9
256,  A,-0.134,6
257,  S,0.112,5
258,  L,-0.192,6
259,  G,-0.693,8
260,  A,-0.207,6
261,  S,-0.768,8
262,  V,0.087,5
263,  H,-0.221,6
264,  K,-0.924,9
265,  I,0.024,5
266,  C,-0.283,6
267,  T,-0.199,6
268,  D,-1.13,9
269,  I,0.359,4
270,  R,-1.13,9
271,  L,-0.36,6
272,  L,-0.959,9
273,  A,-0.759,8
274,  N,-0.029,5
275,  L,0.464,4
276,  K,-0.522,7
277,  E,-1.014,9
278,  M,1.014,3
279,  E,-0.782,8
280,  E,-1.134,9
281,  P,-1.004,9
282,  F,-0.776,8
283,  E,-0.587,7
284,  K,0.229,5
285,  Q,0.73,4
286,  Q,-1.135,9
287,  I,-0.746,8
288,  G,-1.114,9
289,  S,-1.135,9
290,  S,-1.119,9
291,  A,-1.112,9
292,  M,-1.135,9
293,  P,-0.725,8
294,  Y,-1.024,9
295,  K,-1.112,9
296,  R,-0.955,9
297,  N,-1.136,9
298,  P,-1.078,9
299,  M,-1.039,9
300,  R,-0.803,8
301,  S,-0.148,6
302,  E,-1.134,9
303,  R,-0.982,9
304,  C,0.038,5
305,  C,0.445,4
306,  S,-0.241,6
307,  L,-0.894,9
308,  A,-0.18,6
309,  R,-0.885,9
310,  H,0.356,4
311,  L,-0.247,6
312,  M,0.519,4
313,  T,0.92,4
314,  L,0.108,5
315,  V,1.303,3
316,  M,1.489,3
317,  D,-0.521,7
318,  P,0.223,5
319,  L,0.1,5
320,  Q,1.359,3
321,  T,-0.877,8
322,  A,-0.184,6
323,  S,-0.146,6
324,  V,0.033,5
325,  Q,-1.063,9
326,  W,-0.677,8
327,  F,-0.165,6
328,  E,-1.134,9
329,  R,-1.13,9
330,  T,-0.9,9
331,  L,-1.124,9
332,  D,-1.107,9
333,  D,-1.107,9
334,  S,-1.101,9
335,  A,-0.981,9
336,  N,-0.788,8
337,  R,-0.882,8
338,  R,-1.13,9
339,  I,0.254,5
340,  C,0.594,4
341,  L,0.112,5
342,  A,-0.167,6
343,  E,-0.828,8
344,  A,0.007,5
345,  F,-0.952,9
346,  L,-1.025,9
347,  T,-0.22,6
348,  A,0.493,4
349,  D,-1.03,9
350,  T,-0.413,7
351,  I,0.126,5
352,  L,-0.729,8
353,  N,1.185,3
354,  T,0.248,5
355,  L,0.662,4
356,  Q,1.651,3
357,  N,-0.895,9
358,  I,-0.07,5
359,  S,0.813,4
360,  E,1.145,3
361,  G,-0.428,7
362,  L,-0.299,6
363,  V,-0.307,6
364,  V,-0.931,9
365,  Y,-0.213,6
366,  P,-0.012,5
367,  K,0.459,4
368,  V,-0.234,6
369,  I,-0.699,8
370,  E,1.525,3
371,  R,0.615,4
372,  R,0.103,5
373,  I,0.268,5
374,  R,1.75,2
375,  Q,0.73,4
376,  E,-0.809,8
377,  L,-0.813,8
378,  P,-0.913,9
379,  F,-0.989,9
380,  M,-0.757,8
381,  A,-0.867,8
382,  T,-0.603,7
383,  E,-1.094,9
384,  N,-0.37,6
385,  I,-0.384,7
386,  I,-0.515,7
387,  M,-1.018,9
388,  A,-0.326,6
389,  M,-0.38,7
390,  V,-0.761,8
391,  K,0.17,5
392,  A,0.305,5
393,  G,-1.113,9
394,  G,-0.045,5
395,  S,-0.544,7
396,  R,-1.13,9
397,  Q,-1.099,9
398,  D,0.51,4
399,  C,-0.269,6
400,  H,-1.106,9
401,  E,-1.094,9
402,  K,1.414,3
403,  I,-0.644,8
404,  R,-1.055,9
405,  V,1.341,3
406,  L,-0.242,6
407,  S,-0.899,9
408,  Q,0.189,5
409,  Q,0.394,4
410,  A,-0.91,9
411,  A,0.386,4
412,  S,1.529,3
413,  V,1.247,3
414,  V,-0.474,7
415,  K,-0.719,8
416,  Q,1.35,3
417,  E,0.969,4
418,  G,-0.775,8
419,  G,3.003,1
420,  D,1.615,3
421,  N,-0.988,9
422,  D,-0.627,7
423,  L,-0.922,9
424,  I,0.664,4
425,  E,0.797,4
426,  R,-0.447,7
427,  I,-0.376,6
428,  Q,0.683,4
429,  V,1.926,2
430,  D,-0.509,7
431,  A,1.685,2
432,  Y,1.34,3
433,  F,-0.674,8
434,  S,1.154,3
435,  P,1.254,3
436,  I,0.352,4
437,  H,1.415,3
438,  S,1.601,3
439,  Q,0.51,4
440,  L,0.251,5
441,  D,1.648,3
442,  H,2.842,1
443,  L,0.56,4
444,  L,0.232,5
445,  D,0.496,4
446,  P,-0.018,5
447,  S,2.544,1
448,  S,0.944,4
449,  F,0.2,5
450,  T,0.791,4
451,  G,-1.113,9
452,  R,-0.507,7
453,  A,-0.58,7
454,  S,1.413,3
455,  Q,0.882,4
456,  Q,-1.018,9
457,  V,-0.607,7
458,  Q,1.477,3
459,  R,0.25,5
460,  F,-0.215,6
461,  L,0.415,4
462,  E,2.988,1
463,  E,1.288,3
464,  E,0.791,4
465,  V,-0.122,5
466,  Y,3,1
467,  P,-0.404,7
468,  L,0.775,4
469,  L,-0.159,6
470,  K,2.028,2
471,  P,2.767,1
472,  Y,0.59,4
473,  E,1.541,3
474,  S,2.607,1
475,  V,3.01,1
476,  M,0.366,4
477,  K,2.938,1
478,  V,2.596,1
479,  K,1.019,3
480,  A,0.341,4
481,  E,-0.181,6
482,  L,-0.185,6
483,  C,-0.214,6
484,  L,-0.389,   7*
